{
  "sampler": "SEO_ParallelTempering",
  "kernel_type": "mala",
  "num_chains": 10,
  "num_warmup": 1000,
  "num_samples": 5000,
  "beta_schedule": [
    0.0,
    0.0625000074505806,
    0.0883883610367775,
    0.1250000149011612,
    0.1767767071723938,
    0.2500000298023224,
    0.3535534143447876,
    0.5,
    0.7071067690849304,
    1.0
  ],
  "step_sizes": [
    0.5,
    0.45000001788139343,
    0.4000000059604645,
    0.3499999940395355,
    0.30000001192092896,
    0.2499999850988388,
    0.19999998807907104,
    0.14999999105930328,
    0.09999999403953552,
    0.05000000074505806
  ],
  "mean_swap_rejection_rates": [
    0.44805678725242615,
    0.08865391463041306,
    0.09950342774391174,
    0.11216118931770325,
    0.11383211612701416,
    0.12214827537536621,
    0.13712669909000397,
    0.15555764734745026,
    0.16916991770267487
  ],
  "gradient_evals": 50000,
  "bulk_ess_per_gradient_evals": 0.00804,
  "mode_weights": [
    0.1472,
    0.1216,
    0.1558,
    0.1014,
    0.1648,
    0.0778,
    0.1606,
    0.0708
  ],
  "true_mode_weights": [
    0.17499999701976776,
    0.07500000298023224,
    0.17499999701976776,
    0.07500000298023224,
    0.17499999701976776,
    0.07500000298023224,
    0.17499999701976776,
    0.07500000298023224
  ],
  "inter_mode_transitions_cold_chain": 1846,
  "cold_chain_stuck": false,
  "arviz_summary": {
    "mean": {
      "x1": -0.16,
      "x2": 0.395
    },
    "sd": {
      "x1": 5.036,
      "x2": 5.061
    },
    "hdi_3%": {
      "x1": -7.982,
      "x2": -7.702
    },
    "hdi_97%": {
      "x1": 7.598,
      "x2": 8.144
    },
    "mcse_mean": {
      "x1": 0.389,
      "x2": 0.351
    },
    "mcse_sd": {
      "x1": 0.15,
      "x2": 0.147
    },
    "ess_bulk": {
      "x1": 183.0,
      "x2": 219.0
    },
    "ess_tail": {
      "x1": 578.0,
      "x2": 434.0
    },
    "r_hat": {
      "x1": null,
      "x2": null
    }
  }
}