{
  "sampler": "NestedSampling_JAXNS",
  "wall_time_s": 362.5934735760093,
  "num_posterior_draws": 5000,
  "num_live_points": 100,
  "log_Z_mean": 1285.3435358385964,
  "log_Z_uncert": 1.0928659503839147,
  "total_likelihood_evals": 305307,
  "total_ns_samples": 2850,
  "likelihood_evals_per_ns_sample": 107.12526315789474,
  "jaxns_ess_kish": 0.3028989627026759,
  "ess_per_likelihood_eval": 9.92112734731519e-07,
  "posterior_means": {
    "sin_lat": -0.4701203493970037,
    "spot_long_rad": 0.0806161767100595,
    "spot_size": 10.60802093692988,
    "spot_flux": 0.6558191057497824,
    "p_rot": 0.5401154765314347,
    "planet_radius": 0.1016936551867256,
    "semimajor_axis": 3.694365532341364,
    "impact_param": -0.4217343251597391,
    "ecc_h": -0.03087317817767796,
    "ecc_k": 0.04735953574078677,
    "P_orb": 1.0001838904581426,
    "ldc_q1": 0.9855017101932825,
    "ldc_q2": 0.2914147039499062
  },
  "ground_truth": {
    "sin_lat": 0.08715574274765817,
    "spot_long_rad": 0.08726646259971647,
    "spot_size": 11.0,
    "spot_flux": 0.7,
    "p_rot": 0.5,
    "planet_radius": 0.1,
    "semimajor_axis": 4.208278345829606,
    "impact_param": 2.5768273030706724e-16,
    "ecc_h": 0.0,
    "ecc_k": 0.0,
    "P_orb": 1.0,
    "ldc_q1": 0.3600000000000001,
    "ldc_q2": 0.3333333333333333
  },
  "param_bias": {
    "sin_lat": -0.5572760921446619,
    "spot_long_rad": -0.006650285889656979,
    "spot_size": -0.39197906307012076,
    "spot_flux": -0.04418089425021754,
    "p_rot": 0.04011547653143466,
    "planet_radius": 0.0016936551867255956,
    "semimajor_axis": -0.513912813488242,
    "impact_param": -0.42173432515973935,
    "ecc_h": -0.03087317817767796,
    "ecc_k": 0.04735953574078677,
    "P_orb": 0.0001838904581425993,
    "ldc_q1": 0.6255017101932824,
    "ldc_q2": -0.04191862938342711
  },
  "arviz_summary": {
    "mean": {
      "P_orb": 1.0,
      "ecc_h": -0.031,
      "ecc_k": 0.047,
      "impact_param": -0.422,
      "ldc_q1": 0.986,
      "ldc_q2": 0.291,
      "p_rot": 0.54,
      "planet_radius": 0.102,
      "semimajor_axis": 3.694,
      "sin_lat": -0.47,
      "spot_flux": 0.656,
      "spot_long_rad": 0.081,
      "spot_size": 10.608
    },
    "sd": {
      "P_orb": 0.0,
      "ecc_h": 0.0,
      "ecc_k": 0.0,
      "impact_param": 0.0,
      "ldc_q1": 0.0,
      "ldc_q2": 0.0,
      "p_rot": 0.0,
      "planet_radius": 0.0,
      "semimajor_axis": 0.0,
      "sin_lat": 0.0,
      "spot_flux": 0.0,
      "spot_long_rad": 0.0,
      "spot_size": 0.0
    },
    "hdi_3%": {
      "P_orb": 1.0,
      "ecc_h": -0.031,
      "ecc_k": 0.047,
      "impact_param": -0.422,
      "ldc_q1": 0.986,
      "ldc_q2": 0.291,
      "p_rot": 0.54,
      "planet_radius": 0.102,
      "semimajor_axis": 3.694,
      "sin_lat": -0.47,
      "spot_flux": 0.656,
      "spot_long_rad": 0.081,
      "spot_size": 10.608
    },
    "hdi_97%": {
      "P_orb": 1.0,
      "ecc_h": -0.031,
      "ecc_k": 0.047,
      "impact_param": -0.422,
      "ldc_q1": 0.986,
      "ldc_q2": 0.291,
      "p_rot": 0.54,
      "planet_radius": 0.102,
      "semimajor_axis": 3.694,
      "sin_lat": -0.47,
      "spot_flux": 0.656,
      "spot_long_rad": 0.081,
      "spot_size": 10.608
    },
    "mcse_mean": {
      "P_orb": 0.0,
      "ecc_h": 0.0,
      "ecc_k": 0.0,
      "impact_param": 0.0,
      "ldc_q1": 0.0,
      "ldc_q2": 0.0,
      "p_rot": 0.0,
      "planet_radius": 0.0,
      "semimajor_axis": 0.0,
      "sin_lat": 0.0,
      "spot_flux": 0.0,
      "spot_long_rad": 0.0,
      "spot_size": 0.0
    },
    "mcse_sd": {
      "P_orb": 0.0,
      "ecc_h": 0.0,
      "ecc_k": 0.0,
      "impact_param": 0.0,
      "ldc_q1": null,
      "ldc_q2": null,
      "p_rot": 0.0,
      "planet_radius": null,
      "semimajor_axis": 0.0,
      "sin_lat": 0.0,
      "spot_flux": null,
      "spot_long_rad": null,
      "spot_size": 0.0
    },
    "ess_bulk": {
      "P_orb": 5000.0,
      "ecc_h": 5000.0,
      "ecc_k": 5000.0,
      "impact_param": 5000.0,
      "ldc_q1": 5000.0,
      "ldc_q2": 5000.0,
      "p_rot": 5000.0,
      "planet_radius": 5000.0,
      "semimajor_axis": 5000.0,
      "sin_lat": 5000.0,
      "spot_flux": 5000.0,
      "spot_long_rad": 5000.0,
      "spot_size": 5000.0
    },
    "ess_tail": {
      "P_orb": 5000.0,
      "ecc_h": 5000.0,
      "ecc_k": 5000.0,
      "impact_param": 5000.0,
      "ldc_q1": 5000.0,
      "ldc_q2": 5000.0,
      "p_rot": 5000.0,
      "planet_radius": 5000.0,
      "semimajor_axis": 5000.0,
      "sin_lat": 5000.0,
      "spot_flux": 5000.0,
      "spot_long_rad": 5000.0,
      "spot_size": 5000.0
    },
    "r_hat": {
      "P_orb": null,
      "ecc_h": null,
      "ecc_k": null,
      "impact_param": null,
      "ldc_q1": null,
      "ldc_q2": null,
      "p_rot": null,
      "planet_radius": null,
      "semimajor_axis": null,
      "sin_lat": null,
      "spot_flux": null,
      "spot_long_rad": null,
      "spot_size": null
    }
  }
}