{
  "sampler": "DEO_ParallelTempering",
  "kernel_type": "mala",
  "num_chains": 10,
  "num_warmup": 1000,
  "num_samples": 5000,
  "beta_schedule": [
    0.0,
    0.0625000074505806,
    0.0883883610367775,
    0.1250000149011612,
    0.1767767071723938,
    0.2500000298023224,
    0.3535534143447876,
    0.5,
    0.7071067690849304,
    1.0
  ],
  "step_sizes": [
    0.5,
    0.45000001788139343,
    0.4000000059604645,
    0.3499999940395355,
    0.30000001192092896,
    0.2499999850988388,
    0.19999998807907104,
    0.14999999105930328,
    0.09999999403953552,
    0.05000000074505806
  ],
  "mean_swap_rejection_rates": [
    0.4451456069946289,
    0.08459805697202682,
    0.08914917707443237,
    0.09920328110456467,
    0.10874650627374649,
    0.12201213091611862,
    0.1462649255990982,
    0.15719643235206604,
    0.16761483252048492
  ],
  "gradient_evals": 50000,
  "bulk_ess_per_gradient_evals": 0.01074,
  "mode_weights": [
    0.1642,
    0.076,
    0.2102,
    0.06,
    0.1776,
    0.074,
    0.1836,
    0.0544
  ],
  "true_mode_weights": [
    0.17499999701976776,
    0.07500000298023224,
    0.17499999701976776,
    0.07500000298023224,
    0.17499999701976776,
    0.07500000298023224,
    0.17499999701976776,
    0.07500000298023224
  ],
  "inter_mode_transitions_cold_chain": 1782,
  "cold_chain_stuck": false,
  "arviz_summary": {
    "mean": {
      "x1": -0.109,
      "x2": 0.266
    },
    "sd": {
      "x1": 4.874,
      "x2": 5.128
    },
    "hdi_3%": {
      "x1": -8.065,
      "x2": -7.927
    },
    "hdi_97%": {
      "x1": 7.677,
      "x2": 7.977
    },
    "mcse_mean": {
      "x1": 0.328,
      "x2": 0.319
    },
    "mcse_sd": {
      "x1": 0.133,
      "x2": 0.121
    },
    "ess_bulk": {
      "x1": 257.0,
      "x2": 280.0
    },
    "ess_tail": {
      "x1": 1470.0,
      "x2": 1065.0
    },
    "r_hat": {
      "x1": null,
      "x2": null
    }
  }
}