{
  "sampler": "RandomWalkMetropolisHastings",
  "num_chains": 10,
  "num_warmup": 0,
  "num_samples": 10000,
  "adapted_step_size": 0.5,
  "mean_acceptance_rate": 0.022641533985733986,
  "total_log_density_evals": 100000,
  "wall_time_s": 1.6224926129943924,
  "bulk_ess_per_logp_eval": 0.0002,
  "mode_weights": [
    0.02577,
    0.12529,
    0.02056,
    0.11797,
    0.23444,
    0.12214,
    0.03558,
    0.31825
  ],
  "true_mode_weights": [
    0.17499999701976776,
    0.07500000298023224,
    0.17499999701976776,
    0.07500000298023224,
    0.17499999701976776,
    0.07500000298023224,
    0.17499999701976776,
    0.07500000298023224
  ],
  "inter_mode_transitions": [
    0,
    0,
    0,
    0,
    982,
    0,
    0,
    981,
    0,
    0
  ],
  "stuck_chains": [
    0,
    1,
    2,
    3,
    5,
    6,
    8,
    9
  ],
  "arviz_summary": {
    "mean": {
      "x1": -0.398,
      "x2": -1.446
    },
    "sd": {
      "x1": 5.733,
      "x2": 4.17
    },
    "hdi_3%": {
      "x1": -8.026,
      "x2": -7.585
    },
    "hdi_97%": {
      "x1": 6.846,
      "x2": 4.44
    },
    "mcse_mean": {
      "x1": 1.798,
      "x2": 1.307
    },
    "mcse_sd": {
      "x1": 0.514,
      "x2": 0.485
    },
    "ess_bulk": {
      "x1": 10.0,
      "x2": 10.0
    },
    "ess_tail": {
      "x1": 10.0,
      "x2": 10.0
    },
    "r_hat": {
      "x1": 5.35,
      "x2": 7.58
    }
  }
}