{
  "sampler": "DEO_ParallelTempering",
  "kernel": "rwmh",
  "num_chains": 15,
  "num_warmup": 500,
  "num_samples": 2000,
  "ndim": 13,
  "step_size_hot": 0.5,
  "step_size_cold": 0.002,
  "annealing_base": 1.4142135623730951,
  "reference_distribution": "joint_prior",
  "beta_schedule": [
    0.0,
    0.011048546060919762,
    0.0156250037252903,
    0.022097092121839523,
    0.0312500037252903,
    0.04419418051838875,
    0.0625000074505806,
    0.0883883610367775,
    0.1250000149011612,
    0.1767767071723938,
    0.2500000298023224,
    0.3535534143447876,
    0.5,
    0.7071067690849304,
    1.0
  ],
  "step_sizes": [
    0.5,
    0.46442854404449463,
    0.42885714769363403,
    0.39328569173812866,
    0.35771429538726807,
    0.3221428394317627,
    0.2865714132785797,
    0.25099998712539673,
    0.21542856097221375,
    0.17985711991786957,
    0.14428570866584778,
    0.1087142676115036,
    0.07314282655715942,
    0.037571411579847336,
    0.0020000000949949026
  ],
  "rwmh_proposal_scale": [
    0.3811050057411194,
    68.5988998413086,
    7.590972900390625,
    0.1650233119726181,
    0.06600932776927948,
    0.025249436497688293,
    8.474112510681152,
    0.3811050057411194,
    0.03300466388463974,
    0.03300466388463974,
    0.00033004660508595407,
    0.1905525028705597,
    0.1905525028705597
  ],
  "mean_swap_rejection_rates": [
    1.0,
    0.9983970522880554,
    0.9857093691825867,
    0.9989994168281555,
    0.999500036239624,
    0.9988031983375549,
    0.9984310865402222,
    0.9941263198852539,
    0.9712024331092834,
    0.9994994401931763,
    0.999000072479248,
    0.999000072479248,
    0.9980000257492065,
    1.0
  ],
  "log_density_evals": 37500,
  "wall_time_s": 29.876750882016495,
  "total_bulk_ess": 61.0,
  "bulk_ess_per_log_density_evals": 0.0016266666666666667,
  "posterior_means": {
    "sin_lat": -0.3925709128379822,
    "spot_long": 365.50421142578125,
    "spot_size": 18.857919692993164,
    "spot_flux": 0.8813768625259399,
    "p_rot": 0.48923277854919434,
    "planet_radius": 0.09913468360900879,
    "semimajor_axis": 4.170652866363525,
    "impact_param": -0.09823243319988251,
    "ecc_h": 0.05423712357878685,
    "ecc_k": 0.05126184970140457,
    "P_orb": 0.9996381998062134,
    "ldc_q1": 0.19704417884349823,
    "ldc_q2": 0.48198404908180237
  },
  "ground_truth": {
    "sin_lat": 0.08715573698282242,
    "spot_long": 5.0,
    "spot_size": 11.0,
    "spot_flux": 0.7,
    "p_rot": 0.5,
    "planet_radius": 0.1,
    "semimajor_axis": 4.208278345829606,
    "impact_param": -1.8394968037682702e-07,
    "ecc_h": 0.0,
    "ecc_k": 0.0,
    "P_orb": 1.0,
    "ldc_q1": 0.3600000000000001,
    "ldc_q2": 0.3333333333333333
  },
  "param_bias": {
    "sin_lat": -0.4797266498208046,
    "spot_long": 360.50421142578125,
    "spot_size": 7.857919692993164,
    "spot_flux": 0.18137686252593999,
    "p_rot": -0.010767221450805664,
    "planet_radius": -0.0008653163909912165,
    "semimajor_axis": -0.037625479466080414,
    "impact_param": -0.09823224925020213,
    "ecc_h": 0.05423712357878685,
    "ecc_k": 0.05126184970140457,
    "P_orb": -0.0003618001937866211,
    "ldc_q1": -0.16295582115650187,
    "ldc_q2": 0.14865071574846905
  },
  "arviz_summary": {
    "mean": {
      "P_orb": 1.0,
      "ecc_h": 0.054,
      "ecc_k": 0.051,
      "impact_param": -0.098,
      "ldc_q1": 0.197,
      "ldc_q2": 0.482,
      "p_rot": 0.489,
      "planet_radius": 0.099,
      "semimajor_axis": 4.171,
      "sin_lat": -0.393,
      "spot_flux": 0.881,
      "spot_long": 365.504,
      "spot_size": 18.858
    },
    "sd": {
      "P_orb": 0.0,
      "ecc_h": 0.0,
      "ecc_k": 0.001,
      "impact_param": 0.004,
      "ldc_q1": 0.007,
      "ldc_q2": 0.002,
      "p_rot": 0.0,
      "planet_radius": 0.001,
      "semimajor_axis": 0.023,
      "sin_lat": 0.043,
      "spot_flux": 0.002,
      "spot_long": 0.206,
      "spot_size": 0.077
    },
    "hdi_3%": {
      "P_orb": 1.0,
      "ecc_h": 0.054,
      "ecc_k": 0.05,
      "impact_param": -0.102,
      "ldc_q1": 0.19,
      "ldc_q2": 0.48,
      "p_rot": 0.489,
      "planet_radius": 0.098,
      "semimajor_axis": 4.128,
      "sin_lat": -0.475,
      "spot_flux": 0.878,
      "spot_long": 365.182,
      "spot_size": 18.718
    },
    "hdi_97%": {
      "P_orb": 1.0,
      "ecc_h": 0.055,
      "ecc_k": 0.052,
      "impact_param": -0.085,
      "ldc_q1": 0.21,
      "ldc_q2": 0.486,
      "p_rot": 0.49,
      "planet_radius": 0.101,
      "semimajor_axis": 4.202,
      "sin_lat": -0.345,
      "spot_flux": 0.884,
      "spot_long": 365.94,
      "spot_size": 18.975
    },
    "mcse_mean": {
      "P_orb": 0.0,
      "ecc_h": 0.0,
      "ecc_k": 0.0,
      "impact_param": 0.001,
      "ldc_q1": 0.006,
      "ldc_q2": 0.001,
      "p_rot": 0.0,
      "planet_radius": 0.001,
      "semimajor_axis": 0.019,
      "sin_lat": 0.038,
      "spot_flux": 0.001,
      "spot_long": 0.129,
      "spot_size": 0.041
    },
    "mcse_sd": {
      "P_orb": 0.0,
      "ecc_h": 0.0,
      "ecc_k": 0.0,
      "impact_param": 0.003,
      "ldc_q1": 0.002,
      "ldc_q2": 0.001,
      "p_rot": 0.0,
      "planet_radius": 0.0,
      "semimajor_axis": 0.006,
      "sin_lat": 0.01,
      "spot_flux": 0.0,
      "spot_long": 0.06,
      "spot_size": 0.013
    },
    "ess_bulk": {
      "P_orb": 1.0,
      "ecc_h": 11.0,
      "ecc_k": 2.0,
      "impact_param": 14.0,
      "ldc_q1": 1.0,
      "ldc_q2": 9.0,
      "p_rot": 9.0,
      "planet_radius": 5.0,
      "semimajor_axis": 1.0,
      "sin_lat": 1.0,
      "spot_flux": 1.0,
      "spot_long": 3.0,
      "spot_size": 3.0
    },
    "ess_tail": {
      "P_orb": 36.0,
      "ecc_h": 39.0,
      "ecc_k": 7.0,
      "impact_param": 11.0,
      "ldc_q1": 7.0,
      "ldc_q2": 15.0,
      "p_rot": 21.0,
      "planet_radius": 11.0,
      "semimajor_axis": 13.0,
      "sin_lat": 11.0,
      "spot_flux": 19.0,
      "spot_long": 17.0,
      "spot_size": 26.0
    },
    "r_hat": {
      "P_orb": null,
      "ecc_h": null,
      "ecc_k": null,
      "impact_param": null,
      "ldc_q1": null,
      "ldc_q2": null,
      "p_rot": null,
      "planet_radius": null,
      "semimajor_axis": null,
      "sin_lat": null,
      "spot_flux": null,
      "spot_long": null,
      "spot_size": null
    }
  }
}