{
  "sampler": "DEO_ParallelTempering",
  "kernel": "rwmh",
  "num_chains": 15,
  "num_warmup": 500,
  "num_samples": 2000,
  "ndim": 17,
  "step_size_hot": 0.5,
  "step_size_cold": 0.002,
  "annealing_base": 1.4142135623730951,
  "reference_distribution": "joint_prior",
  "beta_schedule": [
    0.0,
    0.011048546060919762,
    0.0156250037252903,
    0.022097092121839523,
    0.0312500037252903,
    0.04419418051838875,
    0.0625000074505806,
    0.0883883610367775,
    0.1250000149011612,
    0.1767767071723938,
    0.2500000298023224,
    0.3535534143447876,
    0.5,
    0.7071067690849304,
    1.0
  ],
  "step_sizes": [
    0.5,
    0.46442854404449463,
    0.42885714769363403,
    0.39328569173812866,
    0.35771429538726807,
    0.3221428394317627,
    0.2865714132785797,
    0.25099998712539673,
    0.21542856097221375,
    0.17985711991786957,
    0.14428570866584778,
    0.1087142676115036,
    0.07314282655715942,
    0.037571411579847336,
    0.0020000000949949026
  ],
  "rwmh_proposal_scale": [
    0.3332667052745819,
    0.3332667052745819,
    0.3332667052745819,
    0.016663335263729095,
    1.666333556175232,
    1.666333556175232,
    0.3332667052745819,
    0.016663335263729095,
    0.0005772348376922309,
    0.009164833463728428,
    0.08331667631864548,
    0.3332667052745819,
    0.003332667052745819,
    0.003332667052745819,
    0.00028861741884611547,
    0.16663335263729095,
    0.16663335263729095
  ],
  "mean_swap_rejection_rates": [
    1.0,
    0.21962499618530273,
    0.26489850878715515,
    0.32388371229171753,
    0.344857782125473,
    0.3534533381462097,
    0.589934229850769,
    0.37157660722732544,
    0.4316219687461853,
    0.5108150243759155,
    0.4372934401035309,
    0.7875214219093323,
    0.5083427429199219,
    0.4551807940006256
  ],
  "log_density_evals": 37500,
  "wall_time_s": 45.668412902159616,
  "total_bulk_ess": 377.0,
  "bulk_ess_per_log_density_evals": 0.010053333333333333,
  "posterior_means": {
    "spot_lat": 5.163694381713867,
    "spot_long": 4.6608052253723145,
    "spot_size": 10.763134956359863,
    "spot_flux": 0.6827389597892761,
    "fac_lat": -18.314165115356445,
    "fac_long": 165.2767791748047,
    "fac_size": 15.450502395629883,
    "fac_flux": 1.1054537296295166,
    "p_rot": 0.49968117475509644,
    "planet_radius": 0.09991735219955444,
    "semimajor_axis": 4.220027446746826,
    "inclination": 89.78765869140625,
    "ecc_h": 0.0032004716340452433,
    "ecc_k": 0.004420642741024494,
    "P_orb": 0.9998792409896851,
    "ldc_q1": 0.3216126263141632,
    "ldc_q2": 0.4115392863750458
  },
  "ground_truth": {
    "spot_lat": 5.0,
    "spot_long": 5.0,
    "spot_size": 11.0,
    "spot_flux": 0.7,
    "fac_lat": -20.0,
    "fac_long": 165.0,
    "fac_size": 16.0,
    "fac_flux": 1.1,
    "p_rot": 0.5,
    "planet_radius": 0.1,
    "semimajor_axis": 4.208278345829606,
    "inclination": 90.0,
    "ecc_h": 0.0,
    "ecc_k": 0.0,
    "P_orb": 1.0,
    "ldc_q1": 0.3600000000000001,
    "ldc_q2": 0.3333333333333333
  },
  "param_bias": {
    "spot_lat": 0.1636943817138672,
    "spot_long": -0.33919477462768555,
    "spot_size": -0.23686504364013672,
    "spot_flux": -0.017261040210723833,
    "fac_lat": 1.6858348846435547,
    "fac_long": 0.2767791748046875,
    "fac_size": -0.5494976043701172,
    "fac_flux": 0.005453729629516513,
    "p_rot": -0.00031882524490356445,
    "planet_radius": -8.264780044556219e-05,
    "semimajor_axis": 0.011749100917220368,
    "inclination": -0.21234130859375,
    "ecc_h": 0.0032004716340452433,
    "ecc_k": 0.004420642741024494,
    "P_orb": -0.0001207590103149414,
    "ldc_q1": -0.03838737368583689,
    "ldc_q2": 0.07820595304171246
  },
  "arviz_summary": {
    "mean": {
      "P_orb": 1.0,
      "ecc_h": 0.003,
      "ecc_k": 0.004,
      "fac_flux": 1.105,
      "fac_lat": -18.314,
      "fac_long": 165.277,
      "fac_size": 15.451,
      "inclination": 89.787,
      "ldc_q1": 0.322,
      "ldc_q2": 0.412,
      "p_rot": 0.5,
      "planet_radius": 0.1,
      "semimajor_axis": 4.22,
      "spot_flux": 0.683,
      "spot_lat": 5.164,
      "spot_long": 4.661,
      "spot_size": 10.763
    },
    "sd": {
      "P_orb": 0.001,
      "ecc_h": 0.007,
      "ecc_k": 0.003,
      "fac_flux": 0.002,
      "fac_lat": 1.886,
      "fac_long": 0.157,
      "fac_size": 0.25,
      "inclination": 0.134,
      "ldc_q1": 0.043,
      "ldc_q2": 0.074,
      "p_rot": 0.001,
      "planet_radius": 0.001,
      "semimajor_axis": 0.005,
      "spot_flux": 0.017,
      "spot_lat": 0.556,
      "spot_long": 0.047,
      "spot_size": 0.197
    },
    "hdi_3%": {
      "P_orb": 0.999,
      "ecc_h": -0.004,
      "ecc_k": 0.002,
      "fac_flux": 1.102,
      "fac_lat": -21.292,
      "fac_long": 165.013,
      "fac_size": 15.238,
      "inclination": 89.647,
      "ldc_q1": 0.265,
      "ldc_q2": 0.323,
      "p_rot": 0.498,
      "planet_radius": 0.099,
      "semimajor_axis": 4.212,
      "spot_flux": 0.665,
      "spot_lat": 4.583,
      "spot_long": 4.617,
      "spot_size": 10.56
    },
    "hdi_97%": {
      "P_orb": 1.001,
      "ecc_h": 0.014,
      "ecc_k": 0.009,
      "fac_flux": 1.107,
      "fac_lat": -16.748,
      "fac_long": 165.509,
      "fac_size": 15.841,
      "inclination": 90.01,
      "ldc_q1": 0.381,
      "ldc_q2": 0.513,
      "p_rot": 0.501,
      "planet_radius": 0.101,
      "semimajor_axis": 4.227,
      "spot_flux": 0.704,
      "spot_lat": 5.95,
      "spot_long": 4.746,
      "spot_size": 11.017
    },
    "mcse_mean": {
      "P_orb": 0.0,
      "ecc_h": 0.003,
      "ecc_k": 0.0,
      "fac_flux": 0.0,
      "fac_lat": 0.258,
      "fac_long": 0.081,
      "fac_size": 0.033,
      "inclination": 0.05,
      "ldc_q1": 0.022,
      "ldc_q2": 0.038,
      "p_rot": 0.0,
      "planet_radius": 0.0,
      "semimajor_axis": 0.001,
      "spot_flux": 0.007,
      "spot_lat": 0.073,
      "spot_long": 0.022,
      "spot_size": 0.062
    },
    "mcse_sd": {
      "P_orb": 0.0,
      "ecc_h": 0.001,
      "ecc_k": 0.0,
      "fac_flux": 0.0,
      "fac_lat": 0.114,
      "fac_long": 0.028,
      "fac_size": 0.015,
      "inclination": 0.047,
      "ldc_q1": 0.002,
      "ldc_q2": 0.006,
      "p_rot": 0.0,
      "planet_radius": 0.0,
      "semimajor_axis": 0.002,
      "spot_flux": 0.001,
      "spot_lat": 0.062,
      "spot_long": 0.007,
      "spot_size": 0.009
    },
    "ess_bulk": {
      "P_orb": 14.0,
      "ecc_h": 19.0,
      "ecc_k": 30.0,
      "fac_flux": 24.0,
      "fac_lat": 90.0,
      "fac_long": 5.0,
      "fac_size": 8.0,
      "inclination": 12.0,
      "ldc_q1": 4.0,
      "ldc_q2": 3.0,
      "p_rot": 35.0,
      "planet_radius": 8.0,
      "semimajor_axis": 41.0,
      "spot_flux": 5.0,
      "spot_lat": 45.0,
      "spot_long": 14.0,
      "spot_size": 20.0
    },
    "ess_tail": {
      "P_orb": 43.0,
      "ecc_h": 40.0,
      "ecc_k": 12.0,
      "fac_flux": 84.0,
      "fac_lat": 42.0,
      "fac_long": 50.0,
      "fac_size": 26.0,
      "inclination": 12.0,
      "ldc_q1": 15.0,
      "ldc_q2": 12.0,
      "p_rot": 29.0,
      "planet_radius": 45.0,
      "semimajor_axis": 16.0,
      "spot_flux": 23.0,
      "spot_lat": 11.0,
      "spot_long": 15.0,
      "spot_size": 23.0
    },
    "r_hat": {
      "P_orb": null,
      "ecc_h": null,
      "ecc_k": null,
      "fac_flux": null,
      "fac_lat": null,
      "fac_long": null,
      "fac_size": null,
      "inclination": null,
      "ldc_q1": null,
      "ldc_q2": null,
      "p_rot": null,
      "planet_radius": null,
      "semimajor_axis": null,
      "spot_flux": null,
      "spot_lat": null,
      "spot_long": null,
      "spot_size": null
    }
  }
}