{
  "sampler": "AdaptiveTemperedSMC",
  "num_particles": 250,
  "target_ess": 0.75,
  "num_mcmc_steps_per_iter": 25,
  "sigma_factor": 1.0,
  "ndim": 17,
  "wall_time_s": 168.26009803102352,
  "num_smc_steps": 83,
  "final_tempering_param": 1.0,
  "log_normalizing_constant": 1523.0927052497864,
  "final_ess": 247.51034545898438,
  "total_log_density_evals": 560250,
  "total_bulk_ess": 196.0,
  "bulk_ess_per_logp_eval": 0.0003498438197233378,
  "tempering_schedule": [
    0.0,
    1.9754224922508001e-07,
    2.471497282385826e-07,
    4.6862982117090723e-07,
    7.752094006718835e-07,
    1.2689845334534766e-06,
    1.790000624168897e-06,
    2.6471652745385654e-06,
    3.6392539186635986e-06,
    4.9790733100962825e-06,
    6.729252163495403e-06,
    9.06965033209417e-06,
    1.1384664503566455e-05,
    1.4072198609937914e-05,
    1.744214205245953e-05,
    2.2002748664817773e-05,
    2.6696045097196475e-05,
    3.210269642295316e-05,
    4.2096398829016834e-05,
    5.166254049981944e-05,
    6.379518890753388e-05,
    7.666058809263632e-05,
    9.496898564975709e-05,
    0.00011581559374462813,
    0.0001399768952978775,
    0.00016995756595861167,
    0.00020000810036435723,
    0.0002469969622325152,
    0.0003061697643715888,
    0.000363305676728487,
    0.0004344403278082609,
    0.0005044676945544779,
    0.0006134146824479103,
    0.0007342634489759803,
    0.0008595497347414494,
    0.0009953166591003537,
    0.001186189241707325,
    0.0014698982704430819,
    0.001752485055476427,
    0.002106154104694724,
    0.0024605602957308292,
    0.002904533175751567,
    0.003470440162345767,
    0.004162958823144436,
    0.004988726694136858,
    0.005804202053695917,
    0.0066460310481488705,
    0.007584604434669018,
    0.008593747392296791,
    0.00969676673412323,
    0.011094636283814907,
    0.012491594068706036,
    0.014611969701945782,
    0.016785351559519768,
    0.019902154803276062,
    0.02317124791443348,
    0.026854701340198517,
    0.03161473944783211,
    0.03779911994934082,
    0.045761361718177795,
    0.056871041655540466,
    0.06745382398366928,
    0.07736469060182571,
    0.09216801822185516,
    0.10663340240716934,
    0.12295735627412796,
    0.14001181721687317,
    0.1567707359790802,
    0.17622512578964233,
    0.19775721430778503,
    0.2260436862707138,
    0.26011449098587036,
    0.296137273311615,
    0.3439951241016388,
    0.388804167509079,
    0.4299556016921997,
    0.4802398383617401,
    0.540835976600647,
    0.6086077690124512,
    0.6865625381469727,
    0.7776629328727722,
    0.8707964420318604,
    0.9705853462219238,
    1.0
  ],
  "log_nc_increments": [
    -0.31540679931640625,
    -0.07547330856323242,
    -0.26410770416259766,
    -0.2898259162902832,
    -0.4063138961791992,
    -0.3412294387817383,
    -0.453218936920166,
    -0.4557671546936035,
    -0.45490169525146484,
    -0.5134296417236328,
    -0.5902523994445801,
    -0.46907854080200195,
    -0.4711446762084961,
    -0.5236063003540039,
    -0.5966167449951172,
    -0.4915294647216797,
    -0.4738788604736328,
    -0.7136631011962891,
    -0.610440731048584,
    -0.6700778007507324,
    -0.5716919898986816,
    -0.6696038246154785,
    -0.6588053703308105,
    -0.5970168113708496,
    -0.6206684112548828,
    -0.5200200080871582,
    -0.6661868095397949,
    -0.7271223068237305,
    -0.5615315437316895,
    -0.5954256057739258,
    -0.47341108322143555,
    -0.6132087707519531,
    -0.5787615776062012,
    -0.4828300476074219,
    -0.4431614875793457,
    -0.49535655975341797,
    -0.5718750953674316,
    -0.4558076858520508,
    -0.4466056823730469,
    -0.35796165466308594,
    -0.3195786476135254,
    -0.24417591094970703,
    -0.08563375473022461,
    0.1630244255065918,
    0.41190624237060547,
    0.5974969863891602,
    0.7880616188049316,
    0.9409456253051758,
    1.1064000129699707,
    1.497694969177246,
    1.5864529609680176,
    2.5380682945251465,
    2.7382941246032715,
    4.087371349334717,
    4.431889057159424,
    5.081236362457275,
    6.634500980377197,
    8.687883377075195,
    11.296663284301758,
    15.918542861938477,
    15.313493728637695,
    14.47598648071289,
    21.827396392822266,
    21.513408660888672,
    24.50090217590332,
    25.822433471679688,
    25.541555404663086,
    29.79511260986328,
    33.09363555908203,
    43.60082244873047,
    52.668331146240234,
    55.90373229980469,
    74.65042114257812,
    70.22789001464844,
    64.65535736083984,
    79.12982177734375,
    95.50699615478516,
    106.98043060302734,
    123.26000213623047,
    144.27024841308594,
    147.66213989257812,
    158.39849853515625,
    46.72406005859375
  ],
  "posterior_means": {
    "spot_lat": 10.60575008392334,
    "spot_long": 4.951164245605469,
    "spot_size": 11.018586158752441,
    "spot_flux": 0.6936159729957581,
    "fac_lat": 21.72467613220215,
    "fac_long": 165.15028381347656,
    "fac_size": 14.050483703613281,
    "fac_flux": 1.1302838325500488,
    "p_rot": 0.49997478723526,
    "planet_radius": 0.10065147280693054,
    "semimajor_axis": 4.188142776489258,
    "inclination": 88.66854858398438,
    "ecc_h": 0.011397581547498703,
    "ecc_k": 0.02938130870461464,
    "P_orb": 0.999158501625061,
    "ldc_q1": 0.37623921036720276,
    "ldc_q2": 0.30587565898895264
  },
  "ground_truth": {
    "spot_lat": 5.0,
    "spot_long": 5.0,
    "spot_size": 11.0,
    "spot_flux": 0.7,
    "fac_lat": -20.0,
    "fac_long": 165.0,
    "fac_size": 16.0,
    "fac_flux": 1.1,
    "p_rot": 0.5,
    "planet_radius": 0.1,
    "semimajor_axis": 4.208278345829606,
    "inclination": 90.0,
    "ecc_h": 0.0,
    "ecc_k": 0.0,
    "P_orb": 1.0,
    "ldc_q1": 0.3600000000000001,
    "ldc_q2": 0.3333333333333333
  },
  "param_bias": {
    "spot_lat": 5.60575008392334,
    "spot_long": -0.04883575439453125,
    "spot_size": 0.018586158752441406,
    "spot_flux": -0.006384027004241899,
    "fac_lat": 41.72467613220215,
    "fac_long": 0.1502838134765625,
    "fac_size": -1.9495162963867188,
    "fac_flux": 0.03028383255004874,
    "p_rot": -2.5212764739990234e-05,
    "planet_radius": 0.0006514728069305364,
    "semimajor_axis": -0.020135569340347992,
    "inclination": -1.331451416015625,
    "ecc_h": 0.011397581547498703,
    "ecc_k": 0.02938130870461464,
    "P_orb": -0.0008414983749389648,
    "ldc_q1": 0.01623921036720266,
    "ldc_q2": -0.027457674344380678
  },
  "arviz_summary": {
    "mean": {
      "P_orb": 0.999,
      "ecc_h": 0.011,
      "ecc_k": 0.029,
      "fac_flux": 1.13,
      "fac_lat": 21.737,
      "fac_long": 165.151,
      "fac_size": 14.052,
      "inclination": 88.669,
      "ldc_q1": 0.376,
      "ldc_q2": 0.306,
      "p_rot": 0.5,
      "planet_radius": 0.101,
      "semimajor_axis": 4.188,
      "spot_flux": 0.694,
      "spot_lat": 10.602,
      "spot_long": 4.95,
      "spot_size": 11.019
    },
    "sd": {
      "P_orb": 0.0,
      "ecc_h": 0.001,
      "ecc_k": 0.001,
      "fac_flux": 0.002,
      "fac_lat": 0.721,
      "fac_long": 0.11,
      "fac_size": 0.096,
      "inclination": 0.044,
      "ldc_q1": 0.008,
      "ldc_q2": 0.014,
      "p_rot": 0.0,
      "planet_radius": 0.0,
      "semimajor_axis": 0.006,
      "spot_flux": 0.003,
      "spot_lat": 0.217,
      "spot_long": 0.06,
      "spot_size": 0.052
    },
    "hdi_3%": {
      "P_orb": 0.999,
      "ecc_h": 0.01,
      "ecc_k": 0.028,
      "fac_flux": 1.128,
      "fac_lat": 20.685,
      "fac_long": 164.897,
      "fac_size": 13.798,
      "inclination": 88.599,
      "ldc_q1": 0.359,
      "ldc_q2": 0.279,
      "p_rot": 0.5,
      "planet_radius": 0.1,
      "semimajor_axis": 4.181,
      "spot_flux": 0.689,
      "spot_lat": 10.065,
      "spot_long": 4.814,
      "spot_size": 10.91
    },
    "hdi_97%": {
      "P_orb": 0.999,
      "ecc_h": 0.012,
      "ecc_k": 0.03,
      "fac_flux": 1.134,
      "fac_lat": 23.076,
      "fac_long": 165.268,
      "fac_size": 14.204,
      "inclination": 88.763,