{
  "sampler": "AdaptiveTemperedSMC",
  "num_particles": 250,
  "target_ess": 0.75,
  "num_mcmc_steps_per_iter": 25,
  "sigma_factor": 1.0,
  "ndim": 13,
  "wall_time_s": 33.37802238878794,
  "num_smc_steps": 90,
  "final_tempering_param": 1.0,
  "log_normalizing_constant": 1467.3499233722687,
  "final_ess": 248.2503204345703,
  "total_log_density_evals": 607500,
  "total_bulk_ess": 1504.0,
  "bulk_ess_per_logp_eval": 0.0024757201646090536,
  "tempering_schedule": [
    0.0,
    3.000059223268181e-08,
    4.39767973148264e-08,
    6.73762770020403e-08,
    1.007165337796323e-07,
    1.7448017786136916e-07,
    3.739723410944862e-07,
    5.826176447953912e-07,
    8.763624350649479e-07,
    1.2963885183125967e-06,
    3.0818480354355415e-06,
    4.466371137823444e-06,
    6.592338195332559e-06,
    8.69501855049748e-06,
    1.0647519047779497e-05,
    1.28044393932214e-05,
    1.531432099000085e-05,
    1.8105685740010813e-05,
    2.3468608560506254e-05,
    3.0873379728291184e-05,
    3.855375689454377e-05,
    4.763473407365382e-05,
    6.185349047882482e-05,
    8.073395292740315e-05,
    0.0001012791326502338,
    0.00013173774641472846,
    0.0001660878479015082,
    0.00020276469876989722,
    0.00023814405722077936,
    0.0002995520189870149,
    0.0003648442216217518,
    0.00043826524051837623,
    0.0005243711057119071,
    0.0006229948485270143,
    0.0007484589004889131,
    0.0008845684351399541,
    0.0010960373328998685,
    0.0013842374319210649,
    0.0017002702224999666,
    0.0020584503654390574,
    0.0023163044825196266,
    0.0024764330592006445,
    0.002705208957195282,
    0.002974532078951597,
    0.0036391676403582096,
    0.0043228985741734505,
    0.004882184322923422,
    0.005758009850978851,
    0.006545713171362877,
    0.0074852099642157555,
    0.008367973379790783,
    0.009370172396302223,
    0.010465595871210098,
    0.01170926634222269,
    0.012967513874173164,
    0.01471410971134901,
    0.016522450372576714,
    0.018367568030953407,
    0.020457305014133453,
    0.023167550563812256,
    0.026051489636301994,
    0.028823815286159515,
    0.031214069575071335,
    0.03336954116821289,
    0.03605235740542412,
    0.038923077285289764,
    0.04222267121076584,
    0.045767150819301605,
    0.05044787749648094,
    0.05581198260188103,
    0.061207015067338943,
    0.06936680525541306,
    0.07774589210748672,
    0.08632130920886993,
    0.09841392934322357,
    0.1119096577167511,
    0.12478666752576828,
    0.14126469194889069,
    0.16608554124832153,
    0.19451531767845154,
    0.23733925819396973,
    0.2830854058265686,
    0.32696273922920227,
    0.3703215718269348,
    0.4173005223274231,
    0.4733690023422241,
    0.5494193434715271,
    0.644504964351654,
    0.751170814037323,
    0.8932938575744629,
    1.0
  ],
  "log_nc_increments": [
    -0.08269071578979492,
    -0.02353668212890625,
    -0.03886556625366211,
    -0.038292884826660156,
    -0.06758546829223633,
    -0.17229270935058594,
    -0.16133737564086914,
    -0.21519088745117188,
    -0.2784585952758789,
    -1.027453899383545,
    -0.5757789611816406,
    -0.6555290222167969,
    -0.38621044158935547,
    -0.2696995735168457,
    -0.22623252868652344,
    -0.23473596572875977,
    -0.22305583953857422,
    -0.36548423767089844,
    -0.427152156829834,
    -0.39813232421875,
    -0.40326738357543945,
    -0.5862741470336914,
    -0.6941056251525879,
    -0.6765227317810059,
    -0.8983206748962402,
    -0.9030494689941406,
    -0.8686771392822266,
    -0.7314901351928711,
    -1.122323989868164,
    -1.0415921211242676,
    -1.0672516822814941,
    -1.1688103675842285,
    -1.2541770935058594,
    -1.5108766555786133,
    -1.5806994438171387,
    -2.388929605484009,
    -3.139036178588867,
    -3.109447717666626,
    -2.28336238861084,
    -1.0362911224365234,
    -0.5652022361755371,
    -0.7670454978942871,
    -0.8477234840393066,
    -1.7421791553497314,
    -1.5279736518859863,
    -1.0059657096862793,
    -1.145721435546875,
    -0.7372293472290039,
    -0.5849623680114746,
    -0.3018074035644531,
    -0.1528782844543457,
    0.036998748779296875,
    0.23415327072143555,
    0.39444398880004883,
    0.7153878211975098,
    0.8830060958862305,
    1.0306668281555176,
    1.2954154014587402,
    1.8879179954528809,
    2.3455958366394043,
    2.616814136505127,
    2.5207886695861816,
    2.4595789909362793,
    3.2364554405212402,
    3.6268601417541504,
    4.330228328704834,
    4.78959321975708,
    6.464855670928955,
    7.550236225128174,
    7.730846881866455,
    11.873985290527344,
    12.366039276123047,
    12.784608840942383,
    18.181917190551758,
    20.40204429626465,
    19.557632446289062,
    25.086822509765625,
    37.86326599121094,
    43.48746871948242,
    65.74850463867188,
    70.59850311279297,
    67.97120666503906,
    67.31846618652344,
    73.04866790771484,
    87.27432250976562,
    118.48942565917969,
    148.24786376953125,
    166.3754119873047,
    221.73651123046875,
    166.49832153320312
  ],
  "posterior_means": {
    "sin_lat": -0.13017982244491577,
    "spot_long": 5.1650519371032715,
    "spot_size": 10.505809783935547,
    "spot_flux": 0.679182231426239,
    "p_rot": 0.507802426815033,
    "planet_radius": 0.10252085328102112,
    "semimajor_axis": 4.126877307891846,
    "impact_param": -0.21341395378112793,
    "ecc_h": -0.025129985064268112,
    "ecc_k": -0.04732877388596535,
    "P_orb": 1.0007641315460205,
    "ldc_q1": 0.44825291633605957,
    "ldc_q2": 0.23999379575252533
  },
  "ground_truth": {
    "sin_lat": 0.08715573698282242,
    "spot_long": 5.0,
    "spot_size": 11.0,
    "spot_flux": 0.7,
    "p_rot": 0.5,
    "planet_radius": 0.1,
    "semimajor_axis": 4.208278345829606,
    "impact_param": -1.8394968037682702e-07,
    "ecc_h": 0.0,
    "ecc_k": 0.0,
    "P_orb": 1.0,
    "ldc_q1": 0.3600000000000001,
    "ldc_q2": 0.3333333333333333
  },
  "param_bias": {
    "sin_lat": -0.2173355594277382,
    "spot_long": 0.16505193710327148,
    "spot_size": -0.4941902160644531,
    "spot_flux": -0.020817768573760942,
    "p_rot": 0.007802426815032959,
    "planet_radius": 0.0025208532810211126,
    "semimajor_axis": -0.0814010379377601,
    "impact_param": -0.21341376983144755,
    "ecc_h": -0.025129985064268112,
    "ecc_k": -0.04732877388596535,
    "P_orb": 0.0007641315460205078,
    "ldc_q1": 0.08825291633605947,
    "ldc_q2": -0.09333953758080799
  },
  "arviz_summary": {
    "mean": {
      "P_orb": 1.001,
      "ecc_h": -0.025,
      "ecc_k": -0.047,
      "impact_param": -0.213,
      "ldc_q1": 0.447,
      "ldc_q2": 0.24,
      "p_rot": 0.508,
      "planet_radius": 0.103,
      "semimajor_axis": 4.127,
      "sin_lat": -0.131,
      "spot_flux": 0.68,
      "spot_long": 5.164,
      "spot_size": 10.518
    },
    "sd": {
      "P_orb": 0.0,
      "ecc_h": 0.003,
      "ecc_k": 0.011,
      "impact_param": 0.018,
      "ldc_q1": 0.015,
      "ldc_q2": 0.006,
      "p_rot": 0.002,
      "planet_radius": 0.0,
      "semimajor_axis": 0.014,
      "sin_lat": 0.027,
      "spot_flux": 0.006,
      "spot_long": 0.024,
      "spot_size": 0.152
    },
    "hdi_3%": {
      "P_orb": 1.001,
      "ecc_h": -0.025,
      "ecc_k": -0.048,
      "impact_param": -0.214,
      "ldc_q1": 0.45,
      "ldc_q2": 0.24,
      "p_rot": 0.508,
      "planet_radius": 0.103,
      "semimajor_axis": 4.127,
      "sin_lat": -0.13,
      "spot_flux": 0.679,
      "spot_long": 5.167,
      "spot_size": 10.492
    },
    "hdi_97%": {
      "P_orb": 1.001,
      "ecc_h": -0.025,
      "ecc_k": -0.048,
      "impact_param": -0.214,
      "ldc_q1": 0.45,
      "ldc_q2": 0.24,
      "p_rot": 0.508,
      "planet_radius": 0.103,
      "semimajor_axis": 4.127,
      "sin_lat": -0.13,
      "spot_flux": 0.679,
      "spot_long": 5.167,
      "spot_size": 10.492
    },
    "mcse_mean": {
      "P_orb": 0.0,
      "ecc_h": 0.0,
      "ecc_k": 0.002,
      "impact_param": 0.001,
      "ldc_q1": 0.003,