{
  "sampler": "SEO_ParallelTempering",
  "num_chains": 17,
  "num_warmup": 5000,
  "num_samples": 1000,
  "ndim": 17,
  "step_size_hot": 2.0,
  "step_size_cold": 0.3,
  "annealing_base": 1.4142135623730951,
  "ref_scale_fraction": 0.5,
  "beta_schedule": [
    0.0,
    0.005524273030459881,
    0.00781250186264515,
    0.011048546060919762,
    0.0156250037252903,
    0.022097092121839523,
    0.0312500037252903,
    0.04419418051838875,
    0.0625000074505806,
    0.0883883610367775,
    0.1250000149011612,
    0.1767767071723938,
    0.2500000298023224,
    0.3535534143447876,
    0.5,
    0.7071067690849304,
    1.0
  ],
  "step_sizes": [
    2.0,
    1.8937499523162842,
    1.787500023841858,
    1.681249976158142,
    1.5750000476837158,
    1.46875,
    1.3624999523162842,
    1.256250023841858,
    1.149999976158142,
    1.0437500476837158,
    0.9375,
    0.831250011920929,
    0.7250000238418579,
    0.6187499761581421,
    0.5125000476837158,
    0.40625,
    0.30000001192092896
  ],
  "mean_swap_rejection_rates": [
    1.0,
    1.0,
    1.0,
    1.0,
    1.0,
    1.0,
    1.0,
    1.0,
    1.0,
    1.0,
    1.0,
    1.0,
    1.0,
    1.0,
    1.0,
    1.0
  ],
  "total_log_density_evals": 102000,
  "wall_time_s": 224.21929217601428,
  "total_bulk_ess": 17000.0,
  "bulk_ess_per_logp_eval": 0.16666666666666666,
  "posterior_means": {
    "spot_lat": 0.2706296741962433,
    "spot_long": -0.08479529619216919,
    "spot_size": -0.5135208964347839,
    "spot_flux": 0.05582045018672943,
    "fac_lat": -0.44716697931289673,
    "fac_long": 0.2580985128879547,
    "fac_size": -0.3103363513946533,
    "fac_flux": 0.008843524381518364,
    "p_rot": 0.1535504162311554,
    "planet_radius": 0.12459573894739151,
    "semimajor_axis": 0.017987992614507675,
    "inclination": 0.3895569145679474,
    "eccentricity": 0.2315402328968048,
    "arg_periapsis": 0.7306562066078186,
    "P_orb": -0.4588996171951294,
    "LDC_u1": -0.16183586418628693,
    "LDC_u2": 0.18276984989643097
  },
  "ground_truth": {
    "spot_lat": 5.0,
    "spot_long": 5.0,
    "spot_size": 11.0,
    "spot_flux": 0.7,
    "fac_lat": -20.0,
    "fac_long": 165.0,
    "fac_size": 16.0,
    "fac_flux": 1.1,
    "p_rot": 0.5,
    "planet_radius": 0.1,
    "semimajor_axis": 4.208278345829606,
    "inclination": 90.0,
    "eccentricity": 0.0,
    "arg_periapsis": 0.0,
    "P_orb": 1.0,
    "LDC_u1": 0.4,
    "LDC_u2": 0.2
  },
  "param_bias": {
    "spot_lat": -4.729370325803757,
    "spot_long": -5.084795296192169,
    "spot_size": -11.513520896434784,
    "spot_flux": -0.6441795498132705,
    "fac_lat": 19.552833020687103,
    "fac_long": -164.74190148711205,
    "fac_size": -16.310336351394653,
    "fac_flux": -1.0911564756184817,
    "p_rot": -0.3464495837688446,
    "planet_radius": 0.024595738947391504,
    "semimajor_axis": -4.190290353215098,
    "inclination": -89.61044308543205,
    "eccentricity": 0.2315402328968048,
    "arg_periapsis": 0.7306562066078186,
    "P_orb": -1.4588996171951294,
    "LDC_u1": -0.561835864186287,
    "LDC_u2": -0.017230150103569042
  },
  "arviz_summary": {
    "mean": {
      "LDC_u1": -0.162,
      "LDC_u2": 0.183,
      "P_orb": -0.459,
      "arg_periapsis": 0.731,
      "eccentricity": 0.232,
      "fac_flux": 0.009,
      "fac_lat": -0.447,
      "fac_long": 0.258,
      "fac_size": -0.31,
      "inclination": 0.39,
      "p_rot": 0.154,
      "planet_radius": 0.125,
      "semimajor_axis": 0.018,
      "spot_flux": 0.056,
      "spot_lat": 0.271,
      "spot_long": -0.085,
      "spot_size": -0.514
    },
    "sd": {
      "LDC_u1": 0.0,
      "LDC_u2": 0.0,
      "P_orb": 0.0,
      "arg_periapsis": 0.0,
      "eccentricity": 0.0,
      "fac_flux": 0.0,
      "fac_lat": 0.0,
      "fac_long": 0.0,
      "fac_size": 0.0,
      "inclination": 0.0,
      "p_rot": 0.0,
      "planet_radius": 0.0,
      "semimajor_axis": 0.0,
      "spot_flux": 0.0,
      "spot_lat": 0.0,
      "spot_long": 0.0,
      "spot_size": 0.0
    },
    "hdi_3%": {
      "LDC_u1": -0.162,
      "LDC_u2": 0.183,
      "P_orb": -0.459,
      "arg_periapsis": 0.731,
      "eccentricity": 0.232,
      "fac_flux": 0.009,
      "fac_lat": -0.447,
      "fac_long": 0.258,
      "fac_size": -0.31,
      "inclination": 0.39,
      "p_rot": 0.154,
      "planet_radius": 0.125,
      "semimajor_axis": 0.018,
      "spot_flux": 0.056,
      "spot_lat": 0.271,
      "spot_long": -0.085,
      "spot_size": -0.514
    },
    "hdi_97%": {
      "LDC_u1": -0.162,
      "LDC_u2": 0.183,
      "P_orb": -0.459,
      "arg_periapsis": 0.731,
      "eccentricity": 0.232,
      "fac_flux": 0.009,
      "fac_lat": -0.447,
      "fac_long": 0.258,
      "fac_size": -0.31,
      "inclination": 0.39,
      "p_rot": 0.154,
      "planet_radius": 0.125,
      "semimajor_axis": 0.018,
      "spot_flux": 0.056,
      "spot_lat": 0.271,
      "spot_long": -0.085,
      "spot_size": -0.514
    },
    "mcse_mean": {
      "LDC_u1": 0.0,
      "LDC_u2": 0.0,
      "P_orb": 0.0,
      "arg_periapsis": 0.0,
      "eccentricity": 0.0,
      "fac_flux": 0.0,
      "fac_lat": 0.0,
      "fac_long": 0.0,
      "fac_size": 0.0,
      "inclination": 0.0,
      "p_rot": 0.0,
      "planet_radius": 0.0,
      "semimajor_axis": 0.0,
      "spot_flux": 0.0,
      "spot_lat": 0.0,
      "spot_long": 0.0,
      "spot_size": 0.0
    },
    "mcse_sd": {
      "LDC_u1": null,
      "LDC_u2": 0.0,
      "P_orb": 0.0,
      "arg_periapsis": 0.0,
      "eccentricity": 0.0,
      "fac_flux": null,
      "fac_lat": 0.0,
      "fac_long": 0.0,
      "fac_size": 0.0,
      "inclination": 0.0,
      "p_rot": 0.0,
      "planet_radius": 0.0,
      "semimajor_axis": 0.0,
      "spot_flux": 0.0,
      "spot_lat": 0.0,
      "spot_long": 0.0,
      "spot_size": 0.0
    },
    "ess_bulk": {
      "LDC_u1": 1000.0,
      "LDC_u2": 1000.0,
      "P_orb": 1000.0,
      "arg_periapsis": 1000.0,
      "eccentricity": 1000.0,
      "fac_flux": 1000.0,
      "fac_lat": 1000.0,
      "fac_long": 1000.0,
      "fac_size": 1000.0,
      "inclination": 1000.0,
      "p_rot": 1000.0,
      "planet_radius": 1000.0,
      "semimajor_axis": 1000.0,
      "spot_flux": 1000.0,
      "spot_lat": 1000.0,
      "spot_long": 1000.0,
      "spot_size": 1000.0
    },
    "ess_tail": {
      "LDC_u1": 1000.0,
      "LDC_u2": 1000.0,
      "P_orb": 1000.0,
      "arg_periapsis": 1000.0,
      "eccentricity": 1000.0,
      "fac_flux": 1000.0,
      "fac_lat": 1000.0,
      "fac_long": 1000.0,
      "fac_size": 1000.0,
      "inclination": 1000.0,
      "p_rot": 1000.0,
      "planet_radius": 1000.0,
      "semimajor_axis": 1000.0,
      "spot_flux": 1000.0,
      "spot_lat": 1000.0,
      "spot_long": 1000.0,
      "spot_size": 1000.0
    },
    "r_hat": {
      "LDC_u1": null,
      "LDC_u2": null,
      "P_orb": null,
      "arg_periapsis": null,
      "eccentricity": null,
      "fac_flux": null,
      "fac_lat": null,
      "fac_long": null,
      "fac_size": null,
      "inclination": null,
      "p_rot": null,
      "planet_radius": null,
      "semimajor_axis": null,
      "spot_flux": null,
      "spot_lat": null,
      "spot_long": null,
      "spot_size": null
    }
  }
}