{
  "sampler": "SEO_ParallelTempering",
  "kernel": "rwmh",
  "num_chains": 15,
  "num_warmup": 500,
  "num_samples": 2000,
  "ndim": 13,
  "step_size_hot": 0.5,
  "step_size_cold": 0.002,
  "annealing_base": 1.4142135623730951,
  "reference_distribution": "joint_prior",
  "beta_schedule": [
    0.0,
    0.011048546060919762,
    0.0156250037252903,
    0.022097092121839523,
    0.0312500037252903,
    0.04419418051838875,
    0.0625000074505806,
    0.0883883610367775,
    0.1250000149011612,
    0.1767767071723938,
    0.2500000298023224,
    0.3535534143447876,
    0.5,
    0.7071067690849304,
    1.0
  ],
  "step_sizes": [
    0.5,
    0.46442854404449463,
    0.42885714769363403,
    0.39328569173812866,
    0.35771429538726807,
    0.3221428394317627,
    0.2865714132785797,
    0.25099998712539673,
    0.21542856097221375,
    0.17985711991786957,
    0.14428570866584778,
    0.1087142676115036,
    0.07314282655715942,
    0.037571411579847336,
    0.0020000000949949026
  ],
  "rwmh_proposal_scale": [
    0.3811050057411194,
    68.5988998413086,
    7.590972900390625,
    0.1650233119726181,
    0.06600932776927948,
    0.025249436497688293,
    8.474112510681152,
    0.3811050057411194,
    0.03300466388463974,
    0.03300466388463974,
    0.00033004660508595407,
    0.1905525028705597,
    0.1905525028705597
  ],
  "mean_swap_rejection_rates": [
    1.0,
    0.9960746765136719,
    0.9994999170303345,
    0.9989989399909973,
    0.99849933385849,
    0.9911763072013855,
    0.9852921366691589,
    0.9987962245941162,
    0.9600096940994263,
    0.9893311262130737,
    1.0,
    1.0,
    0.9975000619888306,
    0.99699467420578
  ],
  "log_density_evals": 37500,
  "wall_time_s": 29.96491800597869,
  "total_bulk_ess": 74.0,
  "bulk_ess_per_log_density_evals": 0.0019733333333333334,
  "posterior_means": {
    "sin_lat": -0.1592458337545395,
    "spot_long": 84.89704132080078,
    "spot_size": 12.31430721282959,
    "spot_flux": 0.7412906885147095,
    "p_rot": 0.5033939480781555,
    "planet_radius": 0.08455457538366318,
    "semimajor_axis": 3.9779114723205566,
    "impact_param": -0.036785393953323364,
    "ecc_h": -0.007999900728464127,
    "ecc_k": 0.0336349681019783,
    "P_orb": 0.9994210600852966,
    "ldc_q1": 0.8596084117889404,
    "ldc_q2": 0.4355260729789734
  },
  "ground_truth": {
    "sin_lat": 0.08715573698282242,
    "spot_long": 5.0,
    "spot_size": 11.0,
    "spot_flux": 0.7,
    "p_rot": 0.5,
    "planet_radius": 0.1,
    "semimajor_axis": 4.208278345829606,
    "impact_param": -1.8394968037682702e-07,
    "ecc_h": 0.0,
    "ecc_k": 0.0,
    "P_orb": 1.0,
    "ldc_q1": 0.3600000000000001,
    "ldc_q2": 0.3333333333333333
  },
  "param_bias": {
    "sin_lat": -0.2464015707373619,
    "spot_long": 79.89704132080078,
    "spot_size": 1.3143072128295898,
    "spot_flux": 0.04129068851470952,
    "p_rot": 0.0033939480781555176,
    "planet_radius": -0.015445424616336828,
    "semimajor_axis": -0.23036687350904916,
    "impact_param": -0.03678521000364299,
    "ecc_h": -0.007999900728464127,
    "ecc_k": 0.0336349681019783,
    "P_orb": -0.0005789399147033691,
    "ldc_q1": 0.49960841178894033,
    "ldc_q2": 0.10219273964564007
  },
  "arviz_summary": {
    "mean": {
      "P_orb": 0.999,
      "ecc_h": -0.008,
      "ecc_k": 0.034,
      "impact_param": -0.037,
      "ldc_q1": 0.86,
      "ldc_q2": 0.436,
      "p_rot": 0.503,
      "planet_radius": 0.085,
      "semimajor_axis": 3.978,
      "sin_lat": -0.159,
      "spot_flux": 0.741,
      "spot_long": 84.898,
      "spot_size": 12.314
    },
    "sd": {
      "P_orb": 0.0,
      "ecc_h": 0.038,
      "ecc_k": 0.062,
      "impact_param": 0.167,
      "ldc_q1": 0.238,
      "ldc_q2": 0.291,
      "p_rot": 0.06,
      "planet_radius": 0.011,
      "semimajor_axis": 0.168,
      "sin_lat": 0.18,
      "spot_flux": 0.042,
      "spot_long": 149.521,
      "spot_size": 1.541
    },
    "hdi_3%": {
      "P_orb": 0.999,
      "ecc_h": -0.079,
      "ecc_k": -0.095,
      "impact_param": -0.392,
      "ldc_q1": 0.369,
      "ldc_q2": 0.18,
      "p_rot": 0.446,
      "planet_radius": 0.07,
      "semimajor_axis": 3.718,
      "sin_lat": -0.532,
      "spot_flux": 0.676,
      "spot_long": 4.397,
      "spot_size": 9.678
    },
    "hdi_97%": {
      "P_orb": 1.0,
      "ecc_h": 0.014,
      "ecc_k": 0.068,
      "impact_param": 0.056,
      "ldc_q1": 1.017,
      "ldc_q2": 0.832,
      "p_rot": 0.58,
      "planet_radius": 0.105,
      "semimajor_axis": 4.135,
      "sin_lat": 0.028,
      "spot_flux": 0.808,
      "spot_long": 363.743,
      "spot_size": 14.433
    },
    "mcse_mean": {
      "P_orb": 0.0,
      "ecc_h": 0.02,
      "ecc_k": 0.033,
      "impact_param": 0.103,
      "ldc_q1": 0.156,
      "ldc_q2": 0.1,
      "p_rot": 0.021,
      "planet_radius": 0.009,
      "semimajor_axis": 0.059,
      "sin_lat": 0.128,
      "spot_flux": 0.028,
      "spot_long": 85.571,
      "spot_size": 0.982
    },
    "mcse_sd": {
      "P_orb": 0.0,
      "ecc_h": 0.015,
      "ecc_k": 0.028,
      "impact_param": 0.072,
      "ldc_q1": 0.093,
      "ldc_q2": 0.029,
      "p_rot": 0.007,
      "planet_radius": 0.002,
      "semimajor_axis": 0.033,
      "sin_lat": 0.048,
      "spot_flux": 0.008,
      "spot_long": 56.984,
      "spot_size": 0.347
    },
    "ess_bulk": {
      "P_orb": 9.0,
      "ecc_h": 7.0,
      "ecc_k": 5.0,
      "impact_param": 2.0,
      "ldc_q1": 1.0,
      "ldc_q2": 3.0,
      "p_rot": 9.0,
      "planet_radius": 1.0,
      "semimajor_axis": 12.0,
      "sin_lat": 2.0,
      "spot_flux": 5.0,
      "spot_long": 13.0,
      "spot_size": 5.0
    },
    "ess_tail": {
      "P_orb": 17.0,
      "ecc_h": 24.0,
      "ecc_k": 20.0,
      "impact_param": 8.0,
      "ldc_q1": 9.0,
      "ldc_q2": 19.0,
      "p_rot": 22.0,
      "planet_radius": 13.0,
      "semimajor_axis": 21.0,
      "sin_lat": 19.0,
      "spot_flux": 29.0,
      "spot_long": 46.0,
      "spot_size": 20.0
    },
    "r_hat": {
      "P_orb": null,
      "ecc_h": null,
      "ecc_k": null,
      "impact_param": null,
      "ldc_q1": null,
      "ldc_q2": null,
      "p_rot": null,
      "planet_radius": null,
      "semimajor_axis": null,
      "sin_lat": null,
      "spot_flux": null,
      "spot_long": null,
      "spot_size": null
    }
  }
}