{
  "sampler": "NUTS",
  "num_chains": 4,
  "num_warmup": 250,
  "num_samples": 1000,
  "ndim": 17,
  "adapted_step_size": 2.7790939327587694e-08,
  "mean_acceptance_rate": 0.2923591434955597,
  "total_grad_evals": 117488,
  "mean_integration_steps": 29.372,
  "max_integration_steps": 157,
  "tree_depth_saturation": 0.00025,
  "wall_time_s": 351.3611661880277,
  "total_bulk_ess": 68.0,
  "bulk_ess_per_grad_eval": 0.0005787825139588724,
  "posterior_means": {
    "spot_lat": -18.489242553710938,
    "spot_long": 142.49705505371094,
    "spot_size": 38.09571075439453,
    "spot_flux": 1.0977449417114258,
    "fac_lat": -40.8481559753418,
    "fac_long": 184.86611938476562,
    "fac_size": 56.43339157104492,
    "fac_flux": 1.0030970573425293,
    "p_rot": 0.5887333750724792,
    "planet_radius": 0.19038662314414978,
    "semimajor_axis": 4.283684730529785,
    "inclination": 91.41736602783203,
    "eccentricity": 0.16231565177440643,
    "arg_periapsis": 206.0309600830078,
    "P_orb": 1.0001953840255737,
    "LDC_u1": -1.4167131185531616,
    "LDC_u2": 3.788224458694458
  },
  "ground_truth": {
    "spot_lat": 5.0,
    "spot_long": 5.0,
    "spot_size": 11.0,
    "spot_flux": 0.7,
    "fac_lat": -20.0,
    "fac_long": 165.0,
    "fac_size": 16.0,
    "fac_flux": 1.1,
    "p_rot": 0.5,
    "planet_radius": 0.1,
    "semimajor_axis": 4.208278345829606,
    "inclination": 90.0,
    "eccentricity": 0.0,
    "arg_periapsis": 0.0,
    "P_orb": 1.0,
    "LDC_u1": 0.4,
    "LDC_u2": 0.2
  },
  "param_bias": {
    "spot_lat": -23.489242553710938,
    "spot_long": 137.49705505371094,
    "spot_size": 27.09571075439453,
    "spot_flux": 0.3977449417114258,
    "fac_lat": -20.848155975341797,
    "fac_long": 19.866119384765625,
    "fac_size": 40.43339157104492,
    "fac_flux": -0.09690294265747079,
    "p_rot": 0.08873337507247925,
    "planet_radius": 0.09038662314414977,
    "semimajor_axis": 0.07540638470017935,
    "inclination": 1.4173660278320312,
    "eccentricity": 0.16231565177440643,
    "arg_periapsis": 206.0309600830078,
    "P_orb": 0.00019538402557373047,
    "LDC_u1": -1.8167131185531615,
    "LDC_u2": 3.588224458694458
  },
  "arviz_summary": {
    "mean": {
      "LDC_u1": -1.417,
      "LDC_u2": 3.788,
      "P_orb": 1.0,
      "arg_periapsis": 206.027,
      "eccentricity": 0.162,
      "fac_flux": 1.003,
      "fac_lat": -40.848,
      "fac_long": 184.857,
      "fac_size": 56.433,
      "inclination": 91.417,
      "p_rot": 0.589,
      "planet_radius": 0.19,
      "semimajor_axis": 4.284,
      "spot_flux": 1.098,
      "spot_lat": -18.489,
      "spot_long": 142.497,
      "spot_size": 38.096
    },
    "sd": {
      "LDC_u1": 3.064,
      "LDC_u2": 3.797,
      "P_orb": 0.0,
      "arg_periapsis": 121.117,
      "eccentricity": 0.072,
      "fac_flux": 0.12,
      "fac_lat": 30.227,
      "fac_long": 78.464,
      "fac_size": 28.487,
      "inclination": 6.239,
      "p_rot": 0.382,
      "planet_radius": 0.042,
      "semimajor_axis": 1.822,
      "spot_flux": 0.255,
      "spot_lat": 52.914,
      "spot_long": 59.071,
      "spot_size": 15.209
    },
    "hdi_3%": {
      "LDC_u1": -5.466,
      "LDC_u2": 0.295,
      "P_orb": 1.0,
      "arg_periapsis": 51.721,
      "eccentricity": 0.082,
      "fac_flux": 0.816,
      "fac_lat": -81.965,
      "fac_long": 61.43,
      "fac_size": 9.939,
      "inclination": 85.013,
      "p_rot": 0.026,
      "planet_radius": 0.136,
      "semimajor_axis": 1.92,
      "spot_flux": 0.866,
      "spot_lat": -71.514,
      "spot_long": 62.489,
      "spot_size": 14.157
    },
    "hdi_97%": {
      "LDC_u1": 3.16,
      "LDC_u2": 10.056,
      "P_orb": 1.001,
      "arg_periapsis": 336.719,
      "eccentricity": 0.239,
      "fac_flux": 1.143,
      "fac_lat": -3.633,
      "fac_long": 261.935,
      "fac_size": 80.941,
      "inclination": 99.347,
      "p_rot": 1.041,
      "planet_radius": 0.245,
      "semimajor_axis": 6.944,
      "spot_flux": 1.5,
      "spot_lat": 60.596,
      "spot_long": 227.963,
      "spot_size": 55.844
    },
    "mcse_mean": {
      "LDC_u1": 1.526,
      "LDC_u2": 1.891,
      "P_orb": 0.0,
      "arg_periapsis": 60.316,
      "eccentricity": 0.036,
      "fac_flux": 0.06,
      "fac_lat": 15.053,
      "fac_long": 39.075,
      "fac_size": 14.186,
      "inclination": 3.107,
      "p_rot": 0.19,
      "planet_radius": 0.021,
      "semimajor_axis": 0.907,
      "spot_flux": 0.127,
      "spot_lat": 26.351,
      "spot_long": 29.417,
      "spot_size": 7.574
    },
    "mcse_sd": {
      "LDC_u1": 0.766,
      "LDC_u2": 0.983,
      "P_orb": 0.0,
      "arg_periapsis": 13.246,
      "eccentricity": 0.004,
      "fac_flux": 0.029,
      "fac_lat": 5.234,
      "fac_long": 17.874,
      "fac_size": 7.094,
      "inclination": 0.642,
      "p_rot": 0.08,
      "planet_radius": 0.007,
      "semimajor_axis": 0.418,
      "spot_flux": 0.058,
      "spot_lat": 10.302,
      "spot_long": 14.248,
      "spot_size": 3.797
    },
    "ess_bulk": {
      "LDC_u1": 4.0,
      "LDC_u2": 4.0,
      "P_orb": 4.0,
      "arg_periapsis": 4.0,
      "eccentricity": 4.0,
      "fac_flux": 4.0,
      "fac_lat": 4.0,
      "fac_long": 4.0,
      "fac_size": 4.0,
      "inclination": 4.0,
      "p_rot": 4.0,
      "planet_radius": 4.0,
      "semimajor_axis": 4.0,
      "spot_flux": 4.0,
      "spot_lat": 4.0,
      "spot_long": 4.0,
      "spot_size": 4.0
    },
    "ess_tail": {
      "LDC_u1": 4.0,
      "LDC_u2": 4.0,
      "P_orb": 4.0,
      "arg_periapsis": 4.0,
      "eccentricity": 4.0,
      "fac_flux": 4.0,
      "fac_lat": 4.0,
      "fac_long": 4.0,
      "fac_size": 4.0,
      "inclination": 4.0,
      "p_rot": 4.0,
      "planet_radius": 4.0,
      "semimajor_axis": 4.0,
      "spot_flux": 4.0,
      "spot_lat": 4.0,
      "spot_long": 4.0,
      "spot_size": 4.0
    },
    "r_hat": {
      "LDC_u1": null,
      "LDC_u2": null,
      "P_orb": null,
      "arg_periapsis": null,
      "eccentricity": null,
      "fac_flux": null,
      "fac_lat": null,
      "fac_long": null,
      "fac_size": null,
      "inclination": null,
      "p_rot": null,
      "planet_radius": null,
      "semimajor_axis": null,
      "spot_flux": null,
      "spot_lat": null,
      "spot_long": null,
      "spot_size": null
    }
  }
}