{
  "sampler": "AffineInvariantEnsemble",
  "num_walkers": 64,
  "num_burnin": 1000,
  "num_samples": 2000,
  "ndim": 17,
  "mean_acceptance_rate": 0.08548226207494736,
  "total_log_density_evals": 128000,
  "wall_time_s": 44.35657272813842,
  "total_bulk_ess": 1397.0,
  "bulk_ess_per_logp_eval": 0.0109140625,
  "posterior_means": {
    "spot_lat": 4.341759204864502,
    "spot_long": 4.015323638916016,
    "spot_size": 10.71858024597168,
    "spot_flux": 0.9710513353347778,
    "fac_lat": -15.911009788513184,
    "fac_long": 169.8541259765625,
    "fac_size": 16.987749099731445,
    "fac_flux": 1.2555183172225952,
    "p_rot": 18.30653953552246,
    "planet_radius": 0.10923823714256287,
    "semimajor_axis": 2.4655706882476807,
    "inclination": 89.00367736816406,
    "ecc_h": 0.0028124703094363213,
    "ecc_k": 0.009832755662500858,
    "P_orb": 0.9995925426483154,
    "ldc_q1": 0.7492567896842957,
    "ldc_q2": 0.694593608379364
  },
  "ground_truth": {
    "spot_lat": 5.0,
    "spot_long": 5.0,
    "spot_size": 11.0,
    "spot_flux": 0.7,
    "fac_lat": -20.0,
    "fac_long": 165.0,
    "fac_size": 16.0,
    "fac_flux": 1.1,
    "p_rot": 0.5,
    "planet_radius": 0.1,
    "semimajor_axis": 4.208278345829606,
    "inclination": 90.0,
    "ecc_h": 0.0,
    "ecc_k": 0.0,
    "P_orb": 1.0,
    "ldc_q1": 0.3600000000000001,
    "ldc_q2": 0.3333333333333333
  },
  "param_bias": {
    "spot_lat": -0.658240795135498,
    "spot_long": -0.9846763610839844,
    "spot_size": -0.2814197540283203,
    "spot_flux": 0.2710513353347779,
    "fac_lat": 4.088990211486816,
    "fac_long": 4.8541259765625,
    "fac_size": 0.9877490997314453,
    "fac_flux": 0.15551831722259513,
    "p_rot": 17.80653953552246,
    "planet_radius": 0.00923823714256286,
    "semimajor_axis": -1.7427076575819251,
    "inclination": -0.9963226318359375,
    "ecc_h": 0.0028124703094363213,
    "ecc_k": 0.009832755662500858,
    "P_orb": -0.0004074573516845703,
    "ldc_q1": 0.38925678968429556,
    "ldc_q2": 0.3612602750460307
  },
  "arviz_summary": {
    "mean": {
      "P_orb": 1.0,
      "ecc_h": 0.003,
      "ecc_k": 0.01,
      "fac_flux": 1.256,
      "fac_lat": -15.911,
      "fac_long": 169.854,
      "fac_size": 16.988,
      "inclination": 89.004,
      "ldc_q1": 0.749,
      "ldc_q2": 0.695,
      "p_rot": 18.307,
      "planet_radius": 0.109,
      "semimajor_axis": 2.466,
      "spot_flux": 0.971,
      "spot_lat": 4.342,
      "spot_long": 4.015,
      "spot_size": 10.719
    },
    "sd": {
      "P_orb": 0.003,
      "ecc_h": 0.01,
      "ecc_k": 0.0,
      "fac_flux": 0.271,
      "fac_lat": 1.291,
      "fac_long": 0.814,
      "fac_size": 0.075,
      "inclination": 0.028,
      "ldc_q1": 0.171,
      "ldc_q2": 0.408,
      "p_rot": 13.348,
      "planet_radius": 0.007,
      "semimajor_axis": 1.289,
      "spot_flux": 0.162,
      "spot_lat": 0.421,
      "spot_long": 0.021,
      "spot_size": 0.959
    },
    "hdi_3%": {
      "P_orb": 0.996,
      "ecc_h": -0.01,
      "ecc_k": 0.009,
      "fac_flux": 0.879,
      "fac_lat": -18.395,
      "fac_long": 169.728,
      "fac_size": 16.989,
      "inclination": 89.0,
      "ldc_q1": 0.513,
      "ldc_q2": 0.105,
      "p_rot": 0.497,
      "planet_radius": 0.095,
      "semimajor_axis": 1.5,
      "spot_flux": 0.753,
      "spot_lat": 4.001,
      "spot_long": 4.0,
      "spot_size": 10.0
    },
    "hdi_97%": {
      "P_orb": 1.003,
      "ecc_h": 0.01,
      "ecc_k": 0.01,
      "fac_flux": 1.808,
      "fac_lat": -15.0,
      "fac_long": 170.0,
      "fac_size": 17.0,
      "inclination": 89.001,
      "ldc_q1": 1.0,
      "ldc_q2": 1.0,
      "p_rot": 30.0,
      "planet_radius": 0.115,
      "semimajor_axis": 4.206,
      "spot_flux": 1.098,
      "spot_lat": 5.004,
      "spot_long": 4.056,
      "spot_size": 12.0
    },
    "mcse_mean": {
      "P_orb": 0.0,
      "ecc_h": 0.001,
      "ecc_k": 0.0,
      "fac_flux": 0.025,
      "fac_lat": 0.137,
      "fac_long": 0.1,
      "fac_size": 0.009,
      "inclination": 0.004,
      "ldc_q1": 0.02,
      "ldc_q2": 0.048,
      "p_rot": 1.579,
      "planet_radius": 0.001,
      "semimajor_axis": 0.153,
      "spot_flux": 0.019,
      "spot_lat": 0.049,
      "spot_long": 0.005,
      "spot_size": 0.114
    },
    "mcse_sd": {
      "P_orb": 0.0,
      "ecc_h": 0.0,
      "ecc_k": 0.0,
      "fac_flux": 0.016,
      "fac_lat": 0.071,
      "fac_long": 0.382,
      "fac_size": 0.034,
      "inclination": 0.014,
      "ldc_q1": 0.008,
      "ldc_q2": 0.014,
      "p_rot": 0.47,
      "planet_radius": 0.0,
      "semimajor_axis": 0.045,
      "spot_flux": 0.006,
      "spot_lat": 0.017,
      "spot_long": 0.002,
      "spot_size": 0.033
    },
    "ess_bulk": {
      "P_orb": 83.0,
      "ecc_h": 68.0,
      "ecc_k": 82.0,
      "fac_flux": 114.0,
      "fac_lat": 106.0,
      "fac_long": 78.0,
      "fac_size": 100.0,
      "inclination": 83.0,
      "ldc_q1": 86.0,
      "ldc_q2": 87.0,
      "p_rot": 89.0,
      "planet_radius": 54.0,
      "semimajor_axis": 85.0,
      "spot_flux": 89.0,
      "spot_lat": 87.0,
      "spot_long": 25.0,
      "spot_size": 81.0
    },
    "ess_tail": {
      "P_orb": 150.0,
      "ecc_h": 71.0,
      "ecc_k": 366.0,
      "fac_flux": 128.0,
      "fac_lat": 140.0,
      "fac_long": 122.0,
      "fac_size": 79.0,
      "inclination": 80.0,
      "ldc_q1": 77.0,
      "ldc_q2": 135.0,
      "p_rot": 170.0,
      "planet_radius": 69.0,
      "semimajor_axis": 69.0,
      "spot_flux": 154.0,
      "spot_lat": 166.0,
      "spot_long": 68.0,
      "spot_size": 112.0
    },
    "r_hat": {
      "P_orb": 1.04,
      "ecc_h": 1.06,
      "ecc_k": 1.03,
      "fac_flux": 1.01,
      "fac_lat": 1.03,
      "fac_long": 1.06,
      "fac_size": 1.0,
      "inclination": 1.01,
      "ldc_q1": 1.03,
      "ldc_q2": 1.04,
      "p_rot": 1.05,
      "planet_radius": 1.07,
      "semimajor_axis": 1.04,
      "spot_flux": 1.07,
      "spot_lat": 1.03,
      "spot_long": 1.11,
      "spot_size": 1.03
    }
  }
}