{
  "sampler": "AffineInvariantEnsemble",
  "num_walkers": 64,
  "num_burnin": 1000,
  "num_samples": 2000,
  "ndim": 13,
  "mean_acceptance_rate": 0.04705863818526268,
  "total_log_density_evals": 128000,
  "wall_time_s": 23.500869577983394,
  "total_bulk_ess": 771.0,
  "bulk_ess_per_logp_eval": 0.0060234375,
  "posterior_means": {
    "sin_lat": -0.6397150754928589,
    "spot_long_rad": 2.5265767574310303,
    "spot_size": 4.869315147399902,
    "spot_flux": 1.8109495639801025,
    "p_rot": -0.2691396176815033,
    "planet_radius": 0.11646324396133423,
    "semimajor_axis": 5.614436626434326,
    "impact_param": -0.14890940487384796,
    "ecc_h": -0.06874679028987885,
    "ecc_k": -0.43267449736595154,
    "P_orb": 1.0025050640106201,
    "ldc_q1": 0.8714025616645813,
    "ldc_q2": 0.8234869241714478
  },
  "ground_truth": {
    "sin_lat": 0.08715573698282242,
    "spot_long_rad": 0.0872664600610733,
    "spot_size": 11.0,
    "spot_flux": 0.7,
    "p_rot": 0.5,
    "planet_radius": 0.1,
    "semimajor_axis": 4.208278345829606,
    "impact_param": -1.8394968037682702e-07,
    "ecc_h": 0.0,
    "ecc_k": 0.0,
    "P_orb": 1.0,
    "ldc_q1": 0.3600000000000001,
    "ldc_q2": 0.3333333333333333
  },
  "param_bias": {
    "sin_lat": -0.7268708124756813,
    "spot_long_rad": 2.439310297369957,
    "spot_size": -6.130684852600098,
    "spot_flux": 1.1109495639801026,
    "p_rot": -0.7691396176815033,
    "planet_radius": 0.016463243961334223,
    "semimajor_axis": 1.4061582806047204,
    "impact_param": -0.14890922092416758,
    "ecc_h": -0.06874679028987885,
    "ecc_k": -0.43267449736595154,
    "P_orb": 0.002505064010620117,
    "ldc_q1": 0.5114025616645812,
    "ldc_q2": 0.49015359083811444
  },
  "arviz_summary": {
    "mean": {
      "P_orb": 1.003,
      "ecc_h": -0.069,
      "ecc_k": -0.433,
      "impact_param": -0.149,
      "ldc_q1": 0.871,
      "ldc_q2": 0.823,
      "p_rot": -0.269,
      "planet_radius": 0.116,
      "semimajor_axis": 5.614,
      "sin_lat": -0.64,
      "spot_flux": 1.811,
      "spot_long_rad": 2.527,
      "spot_size": 4.869
    },
    "sd": {
      "P_orb": 0.002,
      "ecc_h": 0.223,
      "ecc_k": 0.259,
      "impact_param": 0.404,
      "ldc_q1": 0.242,
      "ldc_q2": 0.353,
      "p_rot": 0.354,
      "planet_radius": 0.038,
      "semimajor_axis": 10.833,
      "sin_lat": 0.662,
      "spot_flux": 0.629,
      "spot_long_rad": 1.41,
      "spot_size": 8.219
    },
    "hdi_3%": {
      "P_orb": 0.997,
      "ecc_h": -0.329,
      "ecc_k": -0.7,
      "impact_param": -0.631,
      "ldc_q1": 0.314,
      "ldc_q2": 0.011,
      "p_rot": -0.609,
      "planet_radius": 0.011,
      "semimajor_axis": 2.5,
      "sin_lat": -1.0,
      "spot_flux": 0.684,
      "spot_long_rad": 0.042,
      "spot_size": 1.0
    },
    "hdi_97%": {
      "P_orb": 1.006,
      "ecc_h": 0.305,
      "ecc_k": 0.133,
      "impact_param": 0.746,
      "ldc_q1": 0.999,
      "ldc_q2": 1.0,
      "p_rot": 0.555,
      "planet_radius": 0.15,
      "semimajor_axis": 36.879,
      "sin_lat": 0.992,
      "spot_flux": 2.487,
      "spot_long_rad": 3.142,
      "spot_size": 19.778
    },
    "mcse_mean": {
      "P_orb": 0.0,
      "ecc_h": 0.026,
      "ecc_k": 0.03,
      "impact_param": 0.058,
      "ldc_q1": 0.03,
      "ldc_q2": 0.062,
      "p_rot": 0.054,
      "planet_radius": 0.004,
      "semimajor_axis": 1.305,
      "sin_lat": 0.083,
      "spot_flux": 0.128,
      "spot_long_rad": 0.16,
      "spot_size": 1.813
    },
    "mcse_sd": {
      "P_orb": 0.0,
      "ecc_h": 0.016,
      "ecc_k": 0.024,
      "impact_param": 0.036,
      "ldc_q1": 0.039,
      "ldc_q2": 0.058,
      "p_rot": 0.039,
      "planet_radius": 0.005,
      "semimajor_axis": 2.194,
      "sin_lat": 0.074,
      "spot_flux": 0.056,
      "spot_long_rad": 0.247,
      "spot_size": 1.655
    },
    "ess_bulk": {
      "P_orb": 47.0,
      "ecc_h": 75.0,
      "ecc_k": 72.0,
      "impact_param": 49.0,
      "ldc_q1": 72.0,
      "ldc_q2": 37.0,
      "p_rot": 72.0,
      "planet_radius": 77.0,
      "semimajor_axis": 71.0,
      "sin_lat": 56.0,
      "spot_flux": 34.0,
      "spot_long_rad": 82.0,
      "spot_size": 27.0
    },
    "ess_tail": {
      "P_orb": 69.0,
      "ecc_h": 66.0,
      "ecc_k": 66.0,
      "impact_param": 70.0,
      "ldc_q1": 69.0,
      "ldc_q2": 60.0,
      "p_rot": 40.0,
      "planet_radius": 82.0,
      "semimajor_axis": 80.0,
      "sin_lat": 70.0,
      "spot_flux": 38.0,
      "spot_long_rad": 95.0,
      "spot_size": 72.0
    },
    "r_hat": {
      "P_orb": 1.1,
      "ecc_h": 1.06,
      "ecc_k": 1.06,
      "impact_param": 1.04,
      "ldc_q1": 1.06,
      "ldc_q2": 1.09,
      "p_rot": 1.08,
      "planet_radius": 1.03,
      "semimajor_axis": 1.09,
      "sin_lat": 1.04,
      "spot_flux": 1.12,
      "spot_long_rad": 1.03,
      "spot_size": 1.1
    }
  }
}