{
  "sampler": "AffineInvariantEnsemble",
  "num_walkers": 64,
  "num_burnin": 500,
  "num_samples": 1000,
  "ndim": 16,
  "mean_acceptance_rate": 0.06323045492172241,
  "total_log_density_evals": 64000,
  "wall_time_s": 44.01114558905829,
  "total_bulk_ess": 1093.0,
  "bulk_ess_per_logp_eval": 0.017078125,
  "posterior_means": {
    "spot_lat": -24.211030960083008,
    "spot_long": 165.2246551513672,
    "spot_size": 13.758384704589844,
    "spot_flux": 1.2074567079544067,
    "fac_lat": 26.32879638671875,
    "fac_long": 184.09002685546875,
    "fac_size": 10.433732986450195,
    "fac_flux": 0.8759883642196655,
    "p_rot": 0.7095799446105957,
    "planet_radius": 0.9947395920753479,
    "semimajor_axis": 3.3176767826080322,
    "inclination": 88.20262908935547,
    "ecc_h": -0.16118894517421722,
    "ecc_k": -0.008920906111598015,
    "ldc_q1": 0.7440850734710693,
    "ldc_q2": 0.7344499230384827
  },
  "ground_truth": {
    "spot_lat": 5.0,
    "spot_long": 5.0,
    "spot_size": 11.0,
    "spot_flux": 0.7,
    "fac_lat": -20.0,
    "fac_long": 165.0,
    "fac_size": 16.0,
    "fac_flux": 1.1,
    "p_rot": 0.5,
    "planet_radius": 0.1,
    "semimajor_axis": 4.208278345829606,
    "inclination": 90.0,
    "ecc_h": 0.0,
    "ecc_k": 0.0,
    "ldc_q1": 0.3600000000000001,
    "ldc_q2": 0.3333333333333333
  },
  "param_bias": {
    "spot_lat": -29.211030960083008,
    "spot_long": 160.2246551513672,
    "spot_size": 2.7583847045898438,
    "spot_flux": 0.5074567079544068,
    "fac_lat": 46.32879638671875,
    "fac_long": 19.09002685546875,
    "fac_size": -5.566267013549805,
    "fac_flux": -0.22401163578033456,
    "p_rot": 0.2095799446105957,
    "planet_radius": 0.8947395920753479,
    "semimajor_axis": -0.8906015632215736,
    "inclination": -1.7973709106445312,
    "ecc_h": -0.16118894517421722,
    "ecc_k": -0.008920906111598015,
    "ldc_q1": 0.38408507347106924,
    "ldc_q2": 0.40111658970514935
  },
  "arviz_summary": {
    "mean": {
      "ecc_h": -0.161,
      "ecc_k": -0.009,
      "fac_flux": 0.876,
      "fac_lat": 26.329,
      "fac_long": 184.09,
      "fac_size": 10.434,
      "inclination": 88.203,
      "ldc_q1": 0.744,
      "ldc_q2": 0.734,
      "p_rot": 0.71,
      "planet_radius": 0.995,
      "semimajor_axis": 3.318,
      "spot_flux": 1.207,
      "spot_lat": -24.211,
      "spot_long": 165.225,
      "spot_size": 13.758
    },
    "sd": {
      "ecc_h": 0.75,
      "ecc_k": 0.659,
      "fac_flux": 0.301,
      "fac_lat": 47.366,
      "fac_long": 110.015,
      "fac_size": 18.909,
      "inclination": 5.499,
      "ldc_q1": 0.228,
      "ldc_q2": 0.276,
      "p_rot": 1.01,
      "planet_radius": 11.757,
      "semimajor_axis": 5.597,
      "spot_flux": 0.574,
      "spot_lat": 64.364,
      "spot_long": 117.354,
      "spot_size": 18.299
    },
    "hdi_3%": {
      "ecc_h": -0.678,
      "ecc_k": -0.477,
      "fac_flux": 0.35,
      "fac_lat": -80.625,
      "fac_long": 0.001,
      "fac_size": 1.013,
      "inclination": 80.268,
      "ldc_q1": 0.415,
      "ldc_q2": 0.074,
      "p_rot": 0.175,
      "planet_radius": 0.001,
      "semimajor_axis": 1.601,
      "spot_flux": 0.1,
      "spot_lat": -89.759,
      "spot_long": 0.0,
      "spot_size": 1.0
    },
    "hdi_97%": {
      "ecc_h": 0.684,
      "ecc_k": 1.026,
      "fac_flux": 1.482,
      "fac_lat": 89.998,
      "fac_long": 347.545,
      "fac_size": 69.662,
      "inclination": 98.848,
      "ldc_q1": 1.0,
      "ldc_q2": 0.998,
      "p_rot": 1.844,
      "planet_radius": 0.134,
      "semimajor_axis": 5.569,
      "spot_flux": 1.774,
      "spot_lat": 90.0,
      "spot_long": 359.374,
      "spot_size": 60.735
    },
    "mcse_mean": {
      "ecc_h": 0.09,
      "ecc_k": 0.079,
      "fac_flux": 0.036,
      "fac_lat": 5.936,
      "fac_long": 13.578,
      "fac_size": 2.425,
      "inclination": 0.879,
      "ldc_q1": 0.027,
      "ldc_q2": 0.036,
      "p_rot": 0.126,
      "planet_radius": 0.759,
      "semimajor_axis": 0.687,
      "spot_flux": 0.064,
      "spot_lat": 8.41,
      "spot_long": 16.101,
      "spot_size": 2.616
    },
    "mcse_sd": {
      "ecc_h": 0.173,
      "ecc_k": 0.207,
      "fac_flux": 0.035,
      "fac_lat": 4.569,
      "fac_long": 7.189,
      "fac_size": 4.026,
      "inclination": 0.381,
      "ldc_q1": 0.03,
      "ldc_q2": 0.04,
      "p_rot": 0.351,
      "planet_radius": 5.476,
      "semimajor_axis": 3.186,
      "spot_flux": 0.041,
      "spot_lat": 4.477,
      "spot_long": 7.153,
      "spot_size": 3.985
    },
    "ess_bulk": {
      "ecc_h": 78.0,
      "ecc_k": 77.0,
      "fac_flux": 73.0,
      "fac_lat": 69.0,
      "fac_long": 68.0,
      "fac_size": 69.0,
      "inclination": 39.0,
      "ldc_q1": 76.0,
      "ldc_q2": 65.0,
      "p_rot": 75.0,
      "planet_radius": 74.0,
      "semimajor_axis": 73.0,
      "spot_flux": 89.0,
      "spot_lat": 57.0,
      "spot_long": 63.0,
      "spot_size": 48.0
    },
    "ess_tail": {
      "ecc_h": 70.0,
      "ecc_k": 66.0,
      "fac_flux": 67.0,
      "fac_lat": 65.0,
      "fac_long": 66.0,
      "fac_size": 53.0,
      "inclination": 73.0,
      "ldc_q1": 62.0,
      "ldc_q2": 41.0,
      "p_rot": 76.0,
      "planet_radius": 54.0,
      "semimajor_axis": 67.0,
      "spot_flux": 68.0,
      "spot_lat": 80.0,
      "spot_long": 68.0,
      "spot_size": 59.0
    },
    "r_hat": {
      "ecc_h": 1.04,
      "ecc_k": 1.04,
      "fac_flux": 1.05,
      "fac_lat": 1.02,
      "fac_long": 1.03,
      "fac_size": 1.06,
      "inclination": 1.07,
      "ldc_q1": 1.02,
      "ldc_q2": 1.07,
      "p_rot": 1.02,
      "planet_radius": 1.03,
      "semimajor_axis": 1.03,
      "spot_flux": 1.05,
      "spot_lat": 1.02,
      "spot_long": 1.02,
      "spot_size": 1.05
    }
  }
}