{
  "sampler": "AffineInvariantEnsemble",
  "num_walkers": 64,
  "num_burnin": 500,
  "num_samples": 1000,
  "ndim": 17,
  "mean_acceptance_rate": 0.057453639805316925,
  "total_log_density_evals": 64000,
  "wall_time_s": 34.2725181709975,
  "total_bulk_ess": 1101.0,
  "bulk_ess_per_logp_eval": 0.017203125,
  "posterior_means": {
    "spot_lat": 5.163961887359619,
    "spot_long": 5.050254821777344,
    "spot_size": 11.042363166809082,
    "spot_flux": 0.7024377584457397,
    "fac_lat": -20.868654251098633,
    "fac_long": 164.89959716796875,
    "fac_size": 16.00395965576172,
    "fac_flux": 1.1006914377212524,
    "p_rot": 0.500203013420105,
    "planet_radius": 0.10160252451896667,
    "semimajor_axis": 4.209486961364746,
    "inclination": 90.0705337524414,
    "ecc_h": 0.0003388613404240459,
    "ecc_k": 0.0010543668176978827,
    "P_orb": 1.0002678632736206,
    "ldc_q1": 0.40132245421409607,
    "ldc_q2": 0.20047315955162048
  },
  "ground_truth": {
    "spot_lat": 5.0,
    "spot_long": 5.0,
    "spot_size": 11.0,
    "spot_flux": 0.7,
    "fac_lat": -20.0,
    "fac_long": 165.0,
    "fac_size": 16.0,
    "fac_flux": 1.1,
    "p_rot": 0.5,
    "planet_radius": 0.1,
    "semimajor_axis": 4.208278345829606,
    "inclination": 90.0,
    "ecc_h": 0.0,
    "ecc_k": 0.0,
    "P_orb": 1.0,
    "ldc_q1": 0.3600000000000001,
    "ldc_q2": 0.3333333333333333
  },
  "param_bias": {
    "spot_lat": 0.16396188735961914,
    "spot_long": 0.05025482177734375,
    "spot_size": 0.04236316680908203,
    "spot_flux": 0.0024377584457397905,
    "fac_lat": -0.8686542510986328,
    "fac_long": -0.10040283203125,
    "fac_size": 0.00395965576171875,
    "fac_flux": 0.0006914377212523526,
    "p_rot": 0.00020301342010498047,
    "planet_radius": 0.0016025245189666693,
    "semimajor_axis": 0.0012086155351402894,
    "inclination": 0.07053375244140625,
    "ecc_h": 0.0003388613404240459,
    "ecc_k": 0.0010543668176978827,
    "P_orb": 0.00026786327362060547,
    "ldc_q1": 0.04132245421409597,
    "ldc_q2": -0.13286017378171283
  },
  "arviz_summary": {
    "mean": {
      "P_orb": 1.0,
      "ecc_h": 0.0,
      "ecc_k": 0.001,
      "fac_flux": 1.101,
      "fac_lat": -20.869,
      "fac_long": 164.9,
      "fac_size": 16.004,
      "inclination": 90.071,
      "ldc_q1": 0.401,
      "ldc_q2": 0.2,
      "p_rot": 0.5,
      "planet_radius": 0.102,
      "semimajor_axis": 4.209,
      "spot_flux": 0.702,
      "spot_lat": 5.164,
      "spot_long": 5.05,
      "spot_size": 11.042
    },
    "sd": {
      "P_orb": 0.0,
      "ecc_h": 0.002,
      "ecc_k": 0.002,
      "fac_flux": 0.004,
      "fac_lat": 1.323,
      "fac_long": 0.611,
      "fac_size": 0.256,
      "inclination": 0.135,
      "ldc_q1": 0.002,
      "ldc_q2": 0.002,
      "p_rot": 0.0,
      "planet_radius": 0.0,
      "semimajor_axis": 0.03,
      "spot_flux": 0.01,
      "spot_lat": 0.183,
      "spot_long": 0.193,
      "spot_size": 0.227
    },
    "hdi_3%": {
      "P_orb": 1.0,
      "ecc_h": -0.004,
      "ecc_k": -0.002,
      "fac_flux": 1.094,
      "fac_lat": -23.051,
      "fac_long": 164.468,
      "fac_size": 15.621,
      "inclination": 89.91,
      "ldc_q1": 0.398,
      "ldc_q2": 0.196,
      "p_rot": 0.5,
      "planet_radius": 0.101,
      "semimajor_axis": 4.193,
      "spot_flux": 0.691,
      "spot_lat": 4.806,
      "spot_long": 4.887,
      "spot_size": 10.827
    },
    "hdi_97%": {
      "P_orb": 1.0,
      "ecc_h": 0.004,
      "ecc_k": 0.005,
      "fac_flux": 1.107,
      "fac_lat": -18.729,
      "fac_long": 165.168,
      "fac_size": 16.49,
      "inclination": 90.237,
      "ldc_q1": 0.405,
      "ldc_q2": 0.204,
      "p_rot": 0.5,
      "planet_radius": 0.102,
      "semimajor_axis": 4.225,
      "spot_flux": 0.719,
      "spot_lat": 5.471,
      "spot_long": 5.281,
      "spot_size": 11.409
    },
    "mcse_mean": {
      "P_orb": 0.0,
      "ecc_h": 0.0,
      "ecc_k": 0.0,
      "fac_flux": 0.001,
      "fac_lat": 0.182,
      "fac_long": 0.081,
      "fac_size": 0.034,
      "inclination": 0.018,
      "ldc_q1": 0.0,
      "ldc_q2": 0.0,
      "p_rot": 0.0,
      "planet_radius": 0.0,
      "semimajor_axis": 0.004,
      "spot_flux": 0.001,
      "spot_lat": 0.026,
      "spot_long": 0.022,
      "spot_size": 0.027
    },
    "mcse_sd": {
      "P_orb": 0.0,
      "ecc_h": 0.0,
      "ecc_k": 0.0,
      "fac_flux": 0.0,
      "fac_lat": 0.148,
      "fac_long": 0.251,
      "fac_size": 0.033,
      "inclination": 0.038,
      "ldc_q1": 0.0,
      "ldc_q2": 0.0,
      "p_rot": 0.0,
      "planet_radius": 0.0,
      "semimajor_axis": 0.011,
      "spot_flux": 0.002,
      "spot_lat": 0.017,
      "spot_long": 0.051,
      "spot_size": 0.039
    },
    "ess_bulk": {
      "P_orb": 78.0,
      "ecc_h": 30.0,
      "ecc_k": 83.0,
      "fac_flux": 54.0,
      "fac_lat": 54.0,
      "fac_long": 38.0,
      "fac_size": 62.0,
      "inclination": 60.0,
      "ldc_q1": 75.0,
      "ldc_q2": 77.0,
      "p_rot": 66.0,
      "planet_radius": 76.0,
      "semimajor_axis": 71.0,
      "spot_flux": 75.0,
      "spot_lat": 52.0,
      "spot_long": 77.0,
      "spot_size": 73.0
    },
    "ess_tail": {
      "P_orb": 82.0,
      "ecc_h": 45.0,
      "ecc_k": 78.0,
      "fac_flux": 90.0,
      "fac_lat": 82.0,
      "fac_long": 51.0,
      "fac_size": 86.0,
      "inclination": 93.0,
      "ldc_q1": 120.0,
      "ldc_q2": 78.0,
      "p_rot": 78.0,
      "planet_radius": 86.0,
      "semimajor_axis": 71.0,
      "spot_flux": 62.0,
      "spot_lat": 48.0,
      "spot_long": 77.0,
      "spot_size": 69.0
    },
    "r_hat": {
      "P_orb": 1.03,
      "ecc_h": 1.07,
      "ecc_k": 1.02,
      "fac_flux": 1.04,
      "fac_lat": 1.05,
      "fac_long": 1.07,
      "fac_size": 1.07,
      "inclination": 1.02,
      "ldc_q1": 1.01,
      "ldc_q2": 1.02,
      "p_rot": 1.02,
      "planet_radius": 1.03,
      "semimajor_axis": 1.06,
      "spot_flux": 1.09,
      "spot_lat": 1.03,
      "spot_long": 1.02,
      "spot_size": 1.14
    }
  }
}