{
  "sampler": "RandomWalkMetropolisHastings",
  "num_chains": 10,
  "num_warmup": 10000,
  "num_samples": 5000,
  "ndim": 13,
  "step_size": 0.0005,
  "mean_acceptance_rate": 0.11611689627170563,
  "total_log_density_evals": 150000,
  "wall_time_s": 34.26952539384365,
  "total_bulk_ess": 202.0,
  "bulk_ess_per_logp_eval": 0.0013466666666666666,
  "posterior_means": {
    "sin_lat": -0.2821361720561981,
    "spot_long_rad": -0.20768554508686066,
    "spot_size": 5.0839385986328125,
    "spot_flux": 0.7241407632827759,
    "p_rot": 0.3231857120990753,
    "planet_radius": 0.049367260187864304,
    "semimajor_axis": 17.736299514770508,
    "impact_param": 0.09182911366224289,
    "ecc_h": 0.01965409703552723,
    "ecc_k": -0.07099420577287674,
    "P_orb": 1.0153181552886963,
    "ldc_q1": 0.48585641384124756,
    "ldc_q2": 0.49013733863830566
  },
  "map_params": {
    "sin_lat": -0.9659031629562378,
    "spot_long_rad": -1.0920379161834717,
    "spot_size": 7.94195032119751,
    "spot_flux": 0.8047661781311035,
    "p_rot": 0.46805527806282043,
    "planet_radius": 0.12190333753824234,
    "semimajor_axis": 4.612030982971191,
    "impact_param": -0.23548853397369385,
    "ecc_h": -0.05165153741836548,
    "ecc_k": -0.8223902583122253,
    "P_orb": 0.999441385269165,
    "ldc_q1": 0.8502814769744873,
    "ldc_q2": 0.840277373790741
  },
  "map_log_prob": -39644.4921875,
  "ground_truth": {
    "sin_lat": 0.08715573698282242,
    "spot_long_rad": 0.0872664600610733,
    "spot_size": 11.0,
    "spot_flux": 0.7,
    "p_rot": 0.5,
    "planet_radius": 0.1,
    "semimajor_axis": 4.208278345829606,
    "impact_param": -1.8394968037682702e-07,
    "ecc_h": 0.0,
    "ecc_k": 0.0,
    "P_orb": 1.0,
    "ldc_q1": 0.3600000000000001,
    "ldc_q2": 0.3333333333333333
  },
  "param_bias": {
    "sin_lat": -0.36929190903902054,
    "spot_long_rad": -0.29495200514793396,
    "spot_size": -5.9160614013671875,
    "spot_flux": 0.024140763282775923,
    "p_rot": -0.17681428790092468,
    "planet_radius": -0.0506327398121357,
    "semimajor_axis": 13.528021168940903,
    "impact_param": 0.09182929761192327,
    "ecc_h": 0.01965409703552723,
    "ecc_k": -0.07099420577287674,
    "P_orb": 0.015318155288696289,
    "ldc_q1": 0.12585641384124746,
    "ldc_q2": 0.15680400530497235
  },
  "arviz_summary": {
    "mean": {
      "P_orb": 1.015,
      "arg_periapsis": -0.074,
      "ecc_h": 0.02,
      "ecc_k": -0.071,
      "eccentricity": 0.051,
      "impact_param": 0.092,
      "inclination": 90.795,
      "ldc_q1": 0.486,
      "ldc_q2": 0.49,
      "ldc_u1": 0.625,
      "ldc_u2": 0.05,
      "p_rot": 0.323,
      "planet_radius": 0.049,
      "semimajor_axis": 17.736,
      "sin_lat": -0.282,
      "spot_flux": 0.724,
      "spot_lat": -19.226,
      "spot_long": 168.1,
      "spot_long_rad": -0.208,
      "spot_size": 5.084
    },
    "sd": {
      "P_orb": 0.024,
      "arg_periapsis": 1.487,
      "ecc_h": 0.066,
      "ecc_k": 0.204,
      "eccentricity": 0.15,
      "impact_param": 0.403,
      "inclination": 2.705,
      "ldc_q1": 0.234,
      "ldc_q2": 0.307,
      "ldc_u1": 0.409,
      "ldc_u2": 0.408,
      "p_rot": 0.191,
      "planet_radius": 0.037,
      "semimajor_axis": 14.744,
      "sin_lat": 0.581,
      "spot_flux": 0.227,
      "spot_lat": 41.702,
      "spot_long": 86.093,
      "spot_long_rad": 2.082,
      "spot_size": 2.961
    },
    "hdi_3%": {
      "P_orb": 0.995,
      "arg_periapsis": -2.515,
      "ecc_h": -0.098,
      "ecc_k": -0.609,
      "eccentricity": 0.0,
      "impact_param": -0.483,
      "inclination": 88.02,
      "ldc_q1": 0.103,
      "ldc_q2": 0.038,
      "ldc_u1": 0.048,
      "ldc_u2": -0.616,
      "p_rot": 0.056,
      "planet_radius": 0.013,
      "semimajor_axis": 3.512,
      "sin_lat": -0.966,
      "spot_flux": 0.335,
      "spot_lat": -75.089,
      "spot_long": 4.939,
      "spot_long_rad": -3.046,
      "spot_size": 1.147
    },
    "hdi_97%": {
      "P_orb": 1.064,
      "arg_periapsis": 2.739,
      "ecc_h": 0.099,
      "ecc_k": 0.088,
      "eccentricity": 0.382,
      "impact_param": 0.718,
      "inclination": 96.648,
      "ldc_q1": 0.936,
      "ldc_q2": 0.934,
      "ldc_u1": 1.536,
      "ldc_u2": 0.587,
      "p_rot": 0.599,
      "planet_radius": 0.126,
      "semimajor_axis": 46.366,
      "sin_lat": 0.934,
      "spot_flux": 1.145,
      "spot_lat": 69.013,
      "spot_long": 297.394,
      "spot_long_rad": 2.956,
      "spot_size": 9.268
    },
    "mcse_mean": {
      "P_orb": 0.007,
      "arg_periapsis": 0.468,
      "ecc_h": 0.021,
      "ecc_k": 0.064,
      "eccentricity": 0.047,
      "impact_param": 0.127,
      "inclination": 0.855,
      "ldc_q1": 0.074,
      "ldc_q2": 0.097,
      "ldc_u1": 0.129,
      "ldc_u2": 0.129,
      "p_rot": 0.06,
      "planet_radius": 0.012,
      "semimajor_axis": 4.659,
      "sin_lat": 0.184,
      "spot_flux": 0.072,
      "spot_lat": 13.177,
      "spot_long": 27.203,
      "spot_long_rad": 0.658,
      "spot_size": 0.935
    },
    "mcse_sd": {
      "P_orb": 0.007,
      "arg_periapsis": 0.272,
      "ecc_h": 0.009,
      "ecc_k": 0.092,
      "eccentricity": 0.082,
      "impact_param": 0.054,
      "inclination": 0.564,
      "ldc_q1": 0.048,
      "ldc_q2": 0.04,
      "ldc_u1": 0.094,
      "ldc_u2": 0.056,
      "p_rot": 0.021,
      "planet_radius": 0.007,
      "semimajor_axis": 2.701,
      "sin_lat": 0.114,
      "spot_flux": 0.048,
      "spot_lat": 8.522,
      "spot_long": 14.993,
      "spot_long_rad": 0.231,
      "spot_size": 0.31
    },
    "ess_bulk": {
      "P_orb": 11.0,
      "arg_periapsis": 10.0,
      "ecc_h": 11.0,
      "ecc_k": 10.0,
      "eccentricity": 10.0,
      "impact_param": 10.0,
      "inclination": 10.0,
      "ldc_q1": 10.0,
      "ldc_q2": 10.0,
      "ldc_u1": 10.0,
      "ldc_u2": 10.0,
      "p_rot": 10.0,
      "planet_radius": 10.0,
      "semimajor_axis": 10.0,
      "sin_lat": 10.0,
      "spot_flux": 10.0,
      "spot_lat": 10.0,
      "spot_long": 10.0,
      "spot_long_rad": 10.0,
      "spot_size": 10.0
    },
    "ess_tail": {
      "P_orb": 16.0,
      "arg_periapsis": 10.0,
      "ecc_h": 22.0,
      "ecc_k": 10.0,
      "eccentricity": 10.0,
      "impact_param": 10.0,
      "inclination": 10.0,
      "ldc_q1": 16.0,
      "ldc_q2": 13.0,
      "ldc_u1": 19.0,
      "ldc_u2": 15.0,
      "p_rot": 21.0,
      "planet_radius": 16.0,
      "semimajor_axis": 11.0,
      "sin_lat": 10.0,
      "spot_flux": 10.0,
      "spot_lat": 10.0,
      "spot_long": 12.0,
      "spot_long_rad": 13.0,
      "spot_size": 12.0
    },
    "r_hat": {
      "P_orb": 3.04,
      "arg_periapsis": 5.34,
      "ecc_h": 4.5,
      "ecc_k": 7.02,
      "eccentricity": 6.4,
      "impact_param": 7.27,
      "inclination": 6.26,
      "ldc_q1": 6.67,
      "ldc_q2": 6.55,
      "ldc_u1": 5.45,
      "ldc_u2": 6.08,
      "p_rot": 5.17,
      "planet_radius": 5.45,
      "semimajor_axis": 6.16,
      "sin_lat": 6.71,
      "spot_flux": 6.8,
      "spot_lat": 6.67,
      "spot_long": 6.2,
      "spot_long_rad": 6.08,
      "spot_size": 6.41
    }
  }
}