{
  "sampler": "RandomWalkMetropolisHastings",
  "num_chains": 16,
  "num_warmup": 5000,
  "num_samples": 20000,
  "ndim": 17,
  "step_size": 0.5772347875864724,
  "mean_acceptance_rate": 8.437500218860805e-05,
  "total_log_density_evals": 400000,
  "wall_time_s": 212.0825102800154,
  "total_bulk_ess": 378.0,
  "bulk_ess_per_logp_eval": 0.000945,
  "posterior_means": {
    "spot_lat": -0.07112500816583633,
    "spot_long": 0.11826740950345993,
    "spot_size": -0.19979281723499298,
    "spot_flux": 0.1241706907749176,
    "fac_lat": 0.04761023819446564,
    "fac_long": -0.08079987019300461,
    "fac_size": -0.1212935671210289,
    "fac_flux": -0.008782458491623402,
    "p_rot": 0.4839249551296234,
    "planet_radius": 0.07998514920473099,
    "semimajor_axis": 0.6018697023391724,
    "inclination": -0.06456766277551651,
    "eccentricity": 0.3860935568809509,
    "arg_periapsis": 0.12939022481441498,
    "P_orb": 0.056511491537094116,
    "LDC_u1": -0.06126853823661804,
    "LDC_u2": 0.040749263018369675
  },
  "ground_truth": {
    "spot_lat": 5.0,
    "spot_long": 5.0,
    "spot_size": 11.0,
    "spot_flux": 0.7,
    "fac_lat": -20.0,
    "fac_long": 165.0,
    "fac_size": 16.0,
    "fac_flux": 1.1,
    "p_rot": 0.5,
    "planet_radius": 0.1,
    "semimajor_axis": 4.208278345829606,
    "inclination": 90.0,
    "eccentricity": 0.0,
    "arg_periapsis": 0.0,
    "P_orb": 1.0,
    "LDC_u1": 0.4,
    "LDC_u2": 0.2
  },
  "param_bias": {
    "spot_lat": -5.071125008165836,
    "spot_long": -4.88173259049654,
    "spot_size": -11.199792817234993,
    "spot_flux": -0.5758293092250824,
    "fac_lat": 20.047610238194466,
    "fac_long": -165.080799870193,
    "fac_size": -16.12129356712103,
    "fac_flux": -1.1087824584916235,
    "p_rot": -0.016075044870376587,
    "planet_radius": -0.020014850795269018,
    "semimajor_axis": -3.6064086434904334,
    "inclination": -90.06456766277552,
    "eccentricity": 0.3860935568809509,
    "arg_periapsis": 0.12939022481441498,
    "P_orb": -0.9434885084629059,
    "LDC_u1": -0.46126853823661806,
    "LDC_u2": -0.15925073698163034
  },
  "arviz_summary": {
    "mean": {
      "LDC_u1": -0.061,
      "LDC_u2": 0.041,
      "P_orb": 0.057,
      "arg_periapsis": 0.129,
      "eccentricity": 0.386,
      "fac_flux": -0.009,
      "fac_lat": 0.048,
      "fac_long": -0.081,
      "fac_size": -0.121,
      "inclination": -0.064,
      "p_rot": 0.484,
      "planet_radius": 0.08,
      "semimajor_axis": 0.602,
      "spot_flux": 0.124,
      "spot_lat": -0.071,
      "spot_long": 0.118,
      "spot_size": -0.2
    },
    "sd": {
      "LDC_u1": 0.492,
      "LDC_u2": 0.491,
      "P_orb": 0.551,
      "arg_periapsis": 0.635,
      "eccentricity": 0.226,
      "fac_flux": 0.473,
      "fac_lat": 0.597,
      "fac_long": 0.477,
      "fac_size": 0.356,
      "inclination": 0.595,
      "p_rot": 0.206,
      "planet_radius": 0.123,
      "semimajor_axis": 0.372,
      "spot_flux": 0.551,
      "spot_lat": 0.566,
      "spot_long": 0.624,
      "spot_size": 0.421
    },
    "hdi_3%": {
      "LDC_u1": -1.121,
      "LDC_u2": -0.709,
      "P_orb": -0.734,
      "arg_periapsis": -1.073,
      "eccentricity": 0.024,
      "fac_flux": -0.87,
      "fac_lat": -1.195,
      "fac_long": -0.983,
      "fac_size": -0.84,
      "inclination": -1.586,
      "p_rot": 0.133,
      "planet_radius": 0.003,
      "semimajor_axis": 0.031,
      "spot_flux": -0.756,
      "spot_lat": -0.882,
      "spot_long": -0.617,
      "spot_size": -1.102
    },
    "hdi_97%": {
      "LDC_u1": 0.738,
      "LDC_u2": 1.021,
      "P_orb": 0.85,
      "arg_periapsis": 1.389,
      "eccentricity": 0.726,
      "fac_flux": 0.718,
      "fac_lat": 0.744,
      "fac_long": 0.677,
      "fac_size": 0.28,
      "inclination": 0.777,
      "p_rot": 0.69,
      "planet_radius": 0.163,
      "semimajor_axis": 0.953,
      "spot_flux": 0.964,
      "spot_lat": 0.979,
      "spot_long": 1.418,
      "spot_size": 0.198
    },
    "mcse_mean": {
      "LDC_u1": 0.102,
      "LDC_u2": 0.106,
      "P_orb": 0.119,
      "arg_periapsis": 0.142,
      "eccentricity": 0.05,
      "fac_flux": 0.1,
      "fac_lat": 0.124,
      "fac_long": 0.096,
      "fac_size": 0.073,
      "inclination": 0.136,
      "p_rot": 0.046,
      "planet_radius": 0.022,
      "semimajor_axis": 0.077,
      "spot_flux": 0.124,
      "spot_lat": 0.117,
      "spot_long": 0.134,
      "spot_size": 0.095
    },
    "mcse_sd": {
      "LDC_u1": 0.079,
      "LDC_u2": 0.083,
      "P_orb": 0.065,
      "arg_periapsis": 0.114,
      "eccentricity": 0.024,
      "fac_flux": 0.06,
      "fac_lat": 0.067,
      "fac_long": 0.067,
      "fac_size": 0.072,
      "inclination": 0.119,
      "p_rot": 0.074,
      "planet_radius": 0.057,
      "semimajor_axis": 0.061,
      "spot_flux": 0.056,
      "spot_lat": 0.064,
      "spot_long": 0.071,
      "spot_size": 0.063
    },
    "ess_bulk": {
      "LDC_u1": 24.0,
      "LDC_u2": 23.0,
      "P_orb": 22.0,
      "arg_periapsis": 20.0,
      "eccentricity": 21.0,
      "fac_flux": 22.0,
      "fac_lat": 24.0,
      "fac_long": 24.0,
      "fac_size": 26.0,
      "inclination": 21.0,
      "p_rot": 24.0,
      "planet_radius": 22.0,
      "semimajor_axis": 21.0,
      "spot_flux": 19.0,
      "spot_lat": 23.0,
      "spot_long": 22.0,
      "spot_size": 20.0
    },
    "ess_tail": {
      "LDC_u1": 20.0,
      "LDC_u2": 19.0,
      "P_orb": 23.0,
      "arg_periapsis": 19.0,
      "eccentricity": 22.0,
      "fac_flux": 19.0,
      "fac_lat": 23.0,
      "fac_long": 19.0,
      "fac_size": 20.0,
      "inclination": 16.0,
      "p_rot": 19.0,
      "planet_radius": 19.0,
      "semimajor_axis": 19.0,
      "spot_flux": 18.0,
      "spot_lat": 21.0,
      "spot_long": 25.0,
      "spot_size": 16.0
    },
    "r_hat": {
      "LDC_u1": 2.86,
      "LDC_u2": 2.07,
      "P_orb": 2.01,
      "arg_periapsis": 2.85,
      "eccentricity": 2.17,
      "fac_flux": 1.93,
      "fac_lat": 1.76,
      "fac_long": 1.91,
      "fac_size": 2.42,
      "inclination": 2.89,
      "p_rot": 2.12,
      "planet_radius": 2.21,
      "semimajor_axis": 2.11,
      "spot_flux": 2.5,
      "spot_lat": 1.95,
      "spot_long": 2.03,
      "spot_size": 2.3
    }
  }
}