{
  "sampler": "RandomWalkMetropolisHastings",
  "num_chains": 8,
  "num_warmup": 500,
  "num_samples": 1000,
  "ndim": 17,
  "step_size": 0.5772347875864724,
  "mean_acceptance_rate": 0.0012499999720603228,
  "total_log_density_evals": 12000,
  "wall_time_s": 300.6950882199999,
  "total_bulk_ess": 169.0,
  "bulk_ess_per_logp_eval": 0.014083333333333333,
  "posterior_means": {
    "spot_lat": 0.03500518947839737,
    "spot_long": -0.11818579584360123,
    "spot_size": -0.09381899982690811,
    "spot_flux": 0.1682770848274231,
    "fac_lat": -0.04467630386352539,
    "fac_long": -0.21864236891269684,
    "fac_size": -0.01829242892563343,
    "fac_flux": 0.05055021494626999,
    "p_rot": 0.05601344630122185,
    "planet_radius": 0.003873333567753434,
    "semimajor_axis": -0.1344219297170639,
    "inclination": 0.04634632170200348,
    "eccentricity": 0.08195946365594864,
    "arg_periapsis": 0.1370924413204193,
    "P_orb": 0.16848710179328918,
    "LDC_u1": 0.0313531830906868,
    "LDC_u2": -0.04006165266036987
  },
  "ground_truth": {
    "spot_lat": 5.0,
    "spot_long": 5.0,
    "spot_size": 11.0,
    "spot_flux": 0.7,
    "fac_lat": -20.0,
    "fac_long": 165.0,
    "fac_size": 16.0,
    "fac_flux": 1.1,
    "p_rot": 0.5,
    "planet_radius": 0.1,
    "semimajor_axis": 4.208278345829606,
    "inclination": 90.0,
    "eccentricity": 0.0,
    "arg_periapsis": 0.0,
    "P_orb": 1.0,
    "LDC_u1": 0.4,
    "LDC_u2": 0.2
  },
  "param_bias": {
    "spot_lat": -4.964994810521603,
    "spot_long": -5.118185795843601,
    "spot_size": -11.093818999826908,
    "spot_flux": -0.5317229151725769,
    "fac_lat": 19.955323696136475,
    "fac_long": -165.2186423689127,
    "fac_size": -16.018292428925633,
    "fac_flux": -1.04944978505373,
    "p_rot": -0.44398655369877815,
    "planet_radius": -0.09612666643224657,
    "semimajor_axis": -4.34270027554667,
    "inclination": -89.953653678298,
    "eccentricity": 0.08195946365594864,
    "arg_periapsis": 0.1370924413204193,
    "P_orb": -0.8315128982067108,
    "LDC_u1": -0.3686468169093132,
    "LDC_u2": -0.24006165266036988
  },
  "arviz_summary": {
    "mean": {
      "LDC_u1": 0.031,
      "LDC_u2": -0.04,
      "P_orb": 0.168,
      "arg_periapsis": 0.137,
      "eccentricity": 0.082,
      "fac_flux": 0.051,
      "fac_lat": -0.045,
      "fac_long": -0.219,
      "fac_size": -0.018,
      "inclination": 0.046,
      "p_rot": 0.056,
      "planet_radius": 0.004,
      "semimajor_axis": -0.134,
      "spot_flux": 0.168,
      "spot_lat": 0.035,
      "spot_long": -0.118,
      "spot_size": -0.094
    },
    "sd": {
      "LDC_u1": 0.482,
      "LDC_u2": 0.68,
      "P_orb": 0.592,
      "arg_periapsis": 0.768,
      "eccentricity": 0.776,
      "fac_flux": 0.579,
      "fac_lat": 0.491,
      "fac_long": 0.369,
      "fac_size": 0.276,
      "inclination": 0.406,
      "p_rot": 0.491,
      "planet_radius": 0.238,
      "semimajor_axis": 0.389,
      "spot_flux": 0.606,
      "spot_lat": 0.641,
      "spot_long": 0.65,
      "spot_size": 0.414
    },
    "hdi_3%": {
      "LDC_u1": -0.636,
      "LDC_u2": -1.329,
      "P_orb": -0.422,
      "arg_periapsis": -1.365,
      "eccentricity": -1.522,
      "fac_flux": -0.87,
      "fac_lat": -0.64,
      "fac_long": -0.745,
      "fac_size": -0.483,
      "inclination": -0.547,
      "p_rot": -0.465,
      "planet_radius": -0.13,
      "semimajor_axis": -0.631,
      "spot_flux": -0.76,
      "spot_lat": -1.028,
      "spot_long": -1.331,
      "spot_size": -1.095
    },
    "hdi_97%": {
      "LDC_u1": 0.819,
      "LDC_u2": 0.688,
      "P_orb": 1.487,
      "arg_periapsis": 1.405,
      "eccentricity": 1.073,
      "fac_flux": 0.899,
      "fac_lat": 1.037,
      "fac_long": 0.281,
      "fac_size": 0.343,
      "inclination": 0.844,
      "p_rot": 0.719,
      "planet_radius": 0.347,
      "semimajor_axis": 0.624,
      "spot_flux": 1.078,
      "spot_lat": 0.793,
      "spot_long": 1.145,
      "spot_size": 0.263
    },
    "mcse_mean": {
      "LDC_u1": 0.154,
      "LDC_u2": 0.225,
      "P_orb": 0.199,
      "arg_periapsis": 0.249,
      "eccentricity": 0.25,
      "fac_flux": 0.194,
      "fac_lat": 0.161,
      "fac_long": 0.112,
      "fac_size": 0.089,
      "inclination": 0.11,
      "p_rot": 0.152,
      "planet_radius": 0.058,
      "semimajor_axis": 0.116,
      "spot_flux": 0.205,
      "spot_lat": 0.196,
      "spot_long": 0.221,
      "spot_size": 0.128
    },
    "mcse_sd": {
      "LDC_u1": 0.07,
      "LDC_u2": 0.136,
      "P_orb": 0.159,
      "arg_periapsis": 0.166,
      "eccentricity": 0.152,
      "fac_flux": 0.091,
      "fac_lat": 0.129,
      "fac_long": 0.056,
      "fac_size": 0.042,
      "inclination": 0.08,
      "p_rot": 0.037,
      "planet_radius": 0.083,
      "semimajor_axis": 0.057,
      "spot_flux": 0.089,
      "spot_lat": 0.103,
      "spot_long": 0.152,
      "spot_size": 0.096
    },
    "ess_bulk": {
      "LDC_u1": 11.0,
      "LDC_u2": 9.0,
      "P_orb": 9.0,
      "arg_periapsis": 9.0,
      "eccentricity": 10.0,
      "fac_flux": 9.0,
      "fac_lat": 10.0,
      "fac_long": 10.0,
      "fac_size": 9.0,
      "inclination": 12.0,
      "p_rot": 11.0,
      "planet_radius": 9.0,
      "semimajor_axis": 11.0,
      "spot_flux": 9.0,
      "spot_lat": 11.0,
      "spot_long": 9.0,
      "spot_size": 11.0
    },
    "ess_tail": {
      "LDC_u1": 13.0,
      "LDC_u2": 8.0,
      "P_orb": 9.0,
      "arg_periapsis": 9.0,
      "eccentricity": 10.0,
      "fac_flux": 9.0,
      "fac_lat": 13.0,
      "fac_long": 11.0,
      "fac_size": 9.0,
      "inclination": 30.0,
      "p_rot": 12.0,
      "planet_radius": 10.0,
      "semimajor_axis": 11.0,
      "spot_flux": 10.0,
      "spot_lat": 9.0,
      "spot_long": 8.0,
      "spot_size": 10.0
    },
    "r_hat": {
      "LDC_u1": 2.4,
      "LDC_u2": 3.04,
      "P_orb": 3.19,
      "arg_periapsis": 2.98,
      "eccentricity": 2.36,
      "fac_flux": 3.12,
      "fac_lat": 2.19,
      "fac_long": 2.36,
      "fac_size": 2.82,
      "inclination": 2.81,
      "p_rot": 2.53,
      "planet_radius": 2.71,
      "semimajor_axis": 1.88,
      "spot_flux": 2.91,
      "spot_lat": 2.85,
      "spot_long": 4.23,
      "spot_size": 2.28
    }
  }
}